order_id,ordered_at,business_number,company_name,sku,product_name,quantity,unit_price
1001,2025-10-07 16:48:00,520-58-23885,온누리전기,P-006,서보 모터,4,520000
1001,2025-10-07 16:48:00,520-58-23885,온누리전기,P-001,산업용 센서,21,45000
1001,2025-10-07 16:48:00,520-58-23885,온누리전기,P-009,공압 실린더,14,78000
1001,2025-10-07 16:48:00,520-58-23885,온누리전기,P-004,케이블 하네스,36,15000
1002,2025-10-07 09:55:00,783-27-42751,다온테크,P-003,M12 커넥터,59,8500
1002,2025-10-07 09:55:00,783-27-42751,다온테크,P-010,베어링 6204,96,6500
1002,2025-10-07 09:55:00,783-27-42751,다온테크,P-002,근접 스위치,30,28000
1003,2025-10-07 11:29:00,599-86-84485,가온반도체,P-008,DIN 레일 전원공급장치,12,65000
1003,2025-10-07 11:29:00,599-86-84485,가온반도체,P-003,M12 커넥터,49,8500
1004,2025-10-07 15:48:00,784-55-21530,새봄전자,P-008,DIN 레일 전원공급장치,3,65000
1004,2025-10-07 15:48:00,784-55-21530,새봄전자,P-007,모터 드라이버,1,210000
1004,2025-10-07 15:48:00,784-55-21530,새봄전자,P-001,산업용 센서,18,45000
1004,2025-10-07 15:48:00,784-55-21530,새봄전자,P-004,케이블 하네스,21,15000
1005,2025-10-07 14:17:00,969-90-43341,은하시스템,P-004,케이블 하네스,51,15000
1005,2025-10-07 14:17:00,969-90-43341,은하시스템,P-011,산업용 릴레이,71,12000
1005,2025-10-07 14:17:00,969-90-43341,은하시스템,P-006,서보 모터,1,520000
1006,2025-10-07 09:21:00,969-90-43341,은하시스템,P-005,PLC 모듈,5,380000
1007,2025-10-07 16:36:00,550-43-26429,누리금속,P-005,PLC 모듈,5,380000
1008,2025-10-07 17:54:00,969-90-43341,은하시스템,P-001,산업용 센서,36,45000
1009,2025-10-08 11:44:00,550-43-26429,누리금속,P-001,산업용 센서,15,45000
1009,2025-10-08 11:44:00,550-43-26429,누리금속,P-010,베어링 6204,93,6500
1010,2025-10-08 15:16:00,520-58-23885,온누리전기,P-001,산업용 센서,25,45000
1010,2025-10-08 15:16:00,520-58-23885,온누리전기,P-002,근접 스위치,33,28000
1010,2025-10-08 15:16:00,520-58-23885,온누리전기,P-010,베어링 6204,111,6500
1011,2025-10-08 11:05:00,573-96-76216,미래오토메이션,P-011,산업용 릴레이,36,12000
1012,2025-10-08 15:30:00,969-90-43341,은하시스템,P-011,산업용 릴레이,72,12000
1013,2025-10-09 14:00:00,249-77-73046,푸른산업,P-001,산업용 센서,49,45000
1013,2025-10-09 14:00:00,249-77-73046,푸른산업,P-010,베어링 6204,159,6500
1013,2025-10-09 14:00:00,249-77-73046,푸른산업,P-003,M12 커넥터,119,8500
1013,2025-10-09 14:00:00,249-77-73046,푸른산업,P-004,케이블 하네스,93,15000
1014,2025-10-09 17:31:00,550-43-26429,누리금속,P-001,산업용 센서,15,45000
1014,2025-10-09 17:31:00,550-43-26429,누리금속,P-007,모터 드라이버,1,210000
1014,2025-10-09 17:31:00,550-43-26429,누리금속,P-011,산업용 릴레이,42,12000
1015,2025-10-10 11:11:00,181-78-68910,한빛정밀,P-003,M12 커넥터,68,8500
1015,2025-10-10 11:11:00,181-78-68910,한빛정밀,P-004,케이블 하네스,55,15000
1015,2025-10-10 11:11:00,181-78-68910,한빛정밀,P-011,산업용 릴레이,78,12000
1016,2025-10-13 10:24:00,181-78-68910,한빛정밀,P-010,베어링 6204,108,6500
1016,2025-10-13 10:24:00,181-78-68910,한빛정밀,P-001,산업용 센서,29,45000
1016,2025-10-13 10:24:00,181-78-68910,한빛정밀,P-004,케이블 하네스,58,15000
1016,2025-10-13 10:24:00,181-78-68910,한빛정밀,P-011,산업용 릴레이,72,12000
1016,2025-10-13 10:24:00,181-78-68910,한빛정밀,P-003,M12 커넥터,97,8500
1016,2025-10-13 10:24:00,181-78-68910,한빛정밀,P-007,모터 드라이버,10,210000
1017,2025-10-13 17:10:00,784-55-21530,새봄전자,P-008,DIN 레일 전원공급장치,10,65000
1017,2025-10-13 17:10:00,784-55-21530,새봄전자,P-001,산업용 센서,13,45000
1017,2025-10-13 17:10:00,784-55-21530,새봄전자,P-010,베어링 6204,48,6500
1018,2025-10-13 15:28:00,249-77-73046,푸른산업,P-007,모터 드라이버,8,210000
1018,2025-10-13 15:28:00,249-77-73046,푸른산업,P-011,산업용 릴레이,97,12000
1018,2025-10-13 15:28:00,249-77-73046,푸른산업,P-001,산업용 센서,33,45000
1019,2025-10-14 13:16:00,419-49-90380,동서기계,P-007,모터 드라이버,1,210000
1020,2025-10-14 16:05:00,929-76-42997,청솔설비,P-004,케이블 하네스,33,15000
1021,2025-10-14 13:23:00,969-90-43341,은하시스템,P-010,베어링 6204,118,6500
1022,2025-10-14 17:40:00,181-78-68910,한빛정밀,P-001,산업용 센서,33,45000
1023,2025-10-14 17:00:00,181-78-68910,한빛정밀,P-011,산업용 릴레이,84,12000
1023,2025-10-14 17:00:00,181-78-68910,한빛정밀,P-001,산업용 센서,37,45000
1023,2025-10-14 17:00:00,181-78-68910,한빛정밀,P-010,베어링 6204,112,6500
1024,2025-10-14 09:41:00,520-58-23885,온누리전기,P-010,베어링 6204,104,6500
1024,2025-10-14 09:41:00,520-58-23885,온누리전기,P-002,근접 스위치,33,28000
1024,2025-10-14 09:41:00,520-58-23885,온누리전기,P-008,DIN 레일 전원공급장치,9,65000
1025,2025-10-14 13:46:00,815-26-51664,라온메카닉스,P-006,서보 모터,2,520000
1025,2025-10-14 13:46:00,815-26-51664,라온메카닉스,P-001,산업용 센서,19,45000
1025,2025-10-14 13:46:00,815-26-51664,라온메카닉스,P-012,방열 팬 24V,18,9500
1026,2025-10-14 10:54:00,495-17-72762,대성기계,P-003,M12 커넥터,17,8500
1027,2025-10-14 13:24:00,599-86-84485,가온반도체,P-007,모터 드라이버,2,210000
1027,2025-10-14 13:24:00,599-86-84485,가온반도체,P-003,M12 커넥터,58,8500
1028,2025-10-14 14:35:00,419-49-90380,동서기계,P-010,베어링 6204,63,6500
1028,2025-10-14 14:35:00,419-49-90380,동서기계,P-005,PLC 모듈,5,380000
1029,2025-10-14 15:16:00,933-45-84047,해든로보틱스,P-001,산업용 센서,20,45000
1029,2025-10-14 15:16:00,933-45-84047,해든로보틱스,P-010,베어링 6204,111,6500
1029,2025-10-14 15:16:00,933-45-84047,해든로보틱스,P-003,M12 커넥터,74,8500
1030,2025-10-14 16:14:00,495-17-72762,대성기계,P-003,M12 커넥터,18,8500
1030,2025-10-14 16:14:00,495-17-72762,대성기계,P-009,공압 실린더,3,78000
1030,2025-10-14 16:14:00,495-17-72762,대성기계,P-010,베어링 6204,18,6500
1030,2025-10-14 16:14:00,495-17-72762,대성기계,P-001,산업용 센서,5,45000
1031,2025-10-15 14:11:00,249-77-73046,푸른산업,P-001,산업용 센서,43,45000
1031,2025-10-15 14:11:00,249-77-73046,푸른산업,P-002,근접 스위치,54,28000
1032,2025-10-15 11:36:00,933-45-84047,해든로보틱스,P-010,베어링 6204,115,6500
1032,2025-10-15 11:36:00,933-45-84047,해든로보틱스,P-004,케이블 하네스,63,15000
1033,2025-10-15 09:07:00,933-45-84047,해든로보틱스,P-001,산업용 센서,28,45000
1033,2025-10-15 09:07:00,933-45-84047,해든로보틱스,P-003,M12 커넥터,73,8500
1034,2025-10-16 16:08:00,181-78-68910,한빛정밀,P-009,공압 실린더,12,78000
1035,2025-10-16 14:39:00,783-27-42751,다온테크,P-010,베어링 6204,104,6500
1035,2025-10-16 14:39:00,783-27-42751,다온테크,P-004,케이블 하네스,45,15000
1035,2025-10-16 14:39:00,783-27-42751,다온테크,P-005,PLC 모듈,2,380000
1035,2025-10-16 14:39:00,783-27-42751,다온테크,P-008,DIN 레일 전원공급장치,15,65000
1036,2025-10-16 17:13:00,520-58-23885,온누리전기,P-003,M12 커넥터,83,8500
1036,2025-10-16 17:13:00,520-58-23885,온누리전기,P-001,산업용 센서,29,45000
1036,2025-10-16 17:13:00,520-58-23885,온누리전기,P-010,베어링 6204,78,6500
1037,2025-10-17 13:57:00,783-27-42751,다온테크,P-003,M12 커넥터,77,8500
1038,2025-10-17 13:24:00,933-45-84047,해든로보틱스,P-007,모터 드라이버,2,210000
1038,2025-10-17 13:24:00,933-45-84047,해든로보틱스,P-003,M12 커넥터,73,8500
1039,2025-10-18 16:46:00,573-96-76216,미래오토메이션,P-003,M12 커넥터,35,8500
1039,2025-10-18 16:46:00,573-96-76216,미래오토메이션,P-011,산업용 릴레이,43,12000
1039,2025-10-18 16:46:00,573-96-76216,미래오토메이션,P-004,케이블 하네스,31,15000
1039,2025-10-18 16:46:00,573-96-76216,미래오토메이션,P-001,산업용 센서,19,45000
1040,2025-10-18 12:58:00,969-90-43341,은하시스템,P-003,M12 커넥터,85,8500
1041,2025-10-20 11:20:00,933-45-84047,해든로보틱스,P-004,케이블 하네스,58,15000
1041,2025-10-20 11:20:00,933-45-84047,해든로보틱스,P-012,방열 팬 24V,40,9500
1041,2025-10-20 11:20:00,933-45-84047,해든로보틱스,P-009,공압 실린더,10,78000
1041,2025-10-20 11:20:00,933-45-84047,해든로보틱스,P-010,베어링 6204,88,6500
1042,2025-10-20 16:03:00,181-78-68910,한빛정밀,P-003,M12 커넥터,88,8500
1042,2025-10-20 16:03:00,181-78-68910,한빛정밀,P-001,산업용 센서,34,45000
1043,2025-10-20 11:58:00,505-30-18292,우리엔지니어링,P-001,산업용 센서,44,45000
1043,2025-10-20 11:58:00,505-30-18292,우리엔지니어링,P-011,산업용 릴레이,104,12000
1044,2025-10-20 11:33:00,929-76-42997,청솔설비,P-003,M12 커넥터,43,8500
1045,2025-10-21 16:29:00,783-27-42751,다온테크,P-001,산업용 센서,33,45000
1046,2025-10-21 13:55:00,181-78-68910,한빛정밀,P-008,DIN 레일 전원공급장치,16,65000
1047,2025-10-21 10:41:00,181-78-68910,한빛정밀,P-010,베어링 6204,121,6500
1047,2025-10-21 10:41:00,181-78-68910,한빛정밀,P-011,산업용 릴레이,85,12000
1047,2025-10-21 10:41:00,181-78-68910,한빛정밀,P-002,근접 스위치,44,28000
1048,2025-10-22 16:51:00,933-45-84047,해든로보틱스,P-002,근접 스위치,36,28000
1049,2025-10-22 09:49:00,969-90-43341,은하시스템,P-001,산업용 센서,36,45000
1049,2025-10-22 09:49:00,969-90-43341,은하시스템,P-009,공압 실린더,12,78000
1050,2025-10-22 11:43:00,249-77-73046,푸른산업,P-009,공압 실린더,13,78000
1051,2025-10-23 09:55:00,181-78-68910,한빛정밀,P-001,산업용 센서,25,45000
1051,2025-10-23 09:55:00,181-78-68910,한빛정밀,P-011,산업용 릴레이,68,12000
1051,2025-10-23 09:55:00,181-78-68910,한빛정밀,P-003,M12 커넥터,88,8500
1052,2025-10-23 13:05:00,783-27-42751,다온테크,P-011,산업용 릴레이,67,12000
1052,2025-10-23 13:05:00,783-27-42751,다온테크,P-010,베어링 6204,94,6500
1052,2025-10-23 13:05:00,783-27-42751,다온테크,P-001,산업용 센서,26,45000
1053,2025-10-23 15:23:00,249-77-73046,푸른산업,P-003,M12 커넥터,113,8500
1053,2025-10-23 15:23:00,249-77-73046,푸른산업,P-001,산업용 센서,36,45000
1053,2025-10-23 15:23:00,249-77-73046,푸른산업,P-002,근접 스위치,43,28000
1054,2025-10-23 12:03:00,550-43-26429,누리금속,P-004,케이블 하네스,43,15000
1055,2025-10-23 13:53:00,550-43-26429,누리금속,P-010,베어링 6204,65,6500
1056,2025-10-23 09:56:00,249-77-73046,푸른산업,P-011,산업용 릴레이,103,12000
1057,2025-10-23 11:04:00,573-96-76216,미래오토메이션,P-003,M12 커넥터,59,8500
1057,2025-10-23 11:04:00,573-96-76216,미래오토메이션,P-010,베어링 6204,59,6500
1057,2025-10-23 11:04:00,573-96-76216,미래오토메이션,P-001,산업용 센서,12,45000
1057,2025-10-23 11:04:00,573-96-76216,미래오토메이션,P-012,방열 팬 24V,23,9500
1058,2025-10-23 11:52:00,929-76-42997,청솔설비,P-004,케이블 하네스,36,15000
1058,2025-10-23 11:52:00,929-76-42997,청솔설비,P-002,근접 스위치,18,28000
1059,2025-10-23 15:27:00,249-77-73046,푸른산업,P-001,산업용 센서,55,45000
1059,2025-10-23 15:27:00,249-77-73046,푸른산업,P-012,방열 팬 24V,62,9500
1060,2025-10-24 13:22:00,969-90-43341,은하시스템,P-004,케이블 하네스,64,15000
1060,2025-10-24 13:22:00,969-90-43341,은하시스템,P-003,M12 커넥터,84,8500
1061,2025-10-25 10:33:00,933-45-84047,해든로보틱스,P-002,근접 스위치,106,28000
1061,2025-10-25 10:33:00,933-45-84047,해든로보틱스,P-011,산업용 릴레이,237,12000
1061,2025-10-25 10:33:00,933-45-84047,해든로보틱스,P-004,케이블 하네스,212,15000
1061,2025-10-25 10:33:00,933-45-84047,해든로보틱스,P-008,DIN 레일 전원공급장치,64,65000
1062,2025-10-27 09:59:00,969-90-43341,은하시스템,P-003,M12 커넥터,91,8500
1062,2025-10-27 09:59:00,969-90-43341,은하시스템,P-012,방열 팬 24V,53,9500
1062,2025-10-27 09:59:00,969-90-43341,은하시스템,P-010,베어링 6204,117,6500
1062,2025-10-27 09:59:00,969-90-43341,은하시스템,P-002,근접 스위치,34,28000
1063,2025-10-27 13:15:00,181-78-68910,한빛정밀,P-001,산업용 센서,38,45000
1063,2025-10-27 13:15:00,181-78-68910,한빛정밀,P-003,M12 커넥터,96,8500
1063,2025-10-27 13:15:00,181-78-68910,한빛정밀,P-002,근접 스위치,34,28000
1064,2025-10-27 10:16:00,783-27-42751,다온테크,P-005,PLC 모듈,5,380000
1064,2025-10-27 10:16:00,783-27-42751,다온테크,P-009,공압 실린더,12,78000
1065,2025-10-27 11:48:00,969-90-43341,은하시스템,P-004,케이블 하네스,48,15000
1065,2025-10-27 11:48:00,969-90-43341,은하시스템,P-002,근접 스위치,32,28000
1065,2025-10-27 11:48:00,969-90-43341,은하시스템,P-008,DIN 레일 전원공급장치,18,65000
1065,2025-10-27 11:48:00,969-90-43341,은하시스템,P-003,M12 커넥터,93,8500
1065,2025-10-27 11:48:00,969-90-43341,은하시스템,P-007,모터 드라이버,3,210000
1065,2025-10-27 11:48:00,969-90-43341,은하시스템,P-001,산업용 센서,27,45000
1065,2025-10-27 11:48:00,969-90-43341,은하시스템,P-011,산업용 릴레이,86,12000
1066,2025-10-27 11:37:00,573-96-76216,미래오토메이션,P-011,산업용 릴레이,47,12000
1066,2025-10-27 11:37:00,573-96-76216,미래오토메이션,P-009,공압 실린더,11,78000
1067,2025-10-27 09:17:00,599-86-84485,가온반도체,P-009,공압 실린더,11,78000
1068,2025-10-27 13:19:00,249-77-73046,푸른산업,P-001,산업용 센서,160,45000
1069,2025-10-27 10:05:00,419-49-90380,동서기계,P-001,산업용 센서,15,45000
1069,2025-10-27 10:05:00,419-49-90380,동서기계,P-011,산업용 릴레이,28,12000
1070,2025-10-27 09:32:00,550-43-26429,누리금속,P-004,케이블 하네스,46,15000
1070,2025-10-27 09:32:00,550-43-26429,누리금속,P-003,M12 커넥터,48,8500
1070,2025-10-27 09:32:00,550-43-26429,누리금속,P-002,근접 스위치,20,28000
1071,2025-10-28 15:37:00,783-27-42751,다온테크,P-010,베어링 6204,98,6500
1072,2025-10-28 10:22:00,181-78-68910,한빛정밀,P-008,DIN 레일 전원공급장치,12,65000
1073,2025-10-28 15:15:00,929-76-42997,청솔설비,P-002,근접 스위치,19,28000
1073,2025-10-28 15:15:00,929-76-42997,청솔설비,P-004,케이블 하네스,18,15000
1074,2025-10-28 15:00:00,969-90-43341,은하시스템,P-011,산업용 릴레이,87,12000
1074,2025-10-28 15:00:00,969-90-43341,은하시스템,P-004,케이블 하네스,50,15000
1075,2025-10-28 10:27:00,783-27-42751,다온테크,P-001,산업용 센서,23,45000
1076,2025-10-28 10:04:00,929-76-42997,청솔설비,P-001,산업용 센서,16,45000
1076,2025-10-28 10:04:00,929-76-42997,청솔설비,P-003,M12 커넥터,33,8500
1077,2025-10-28 10:03:00,419-49-90380,동서기계,P-011,산업용 릴레이,44,12000
1078,2025-10-28 10:08:00,181-78-68910,한빛정밀,P-012,방열 팬 24V,46,9500
1078,2025-10-28 10:08:00,181-78-68910,한빛정밀,P-006,서보 모터,4,520000
1079,2025-10-28 17:39:00,784-55-21530,새봄전자,P-011,산업용 릴레이,27,12000
1080,2025-10-29 11:17:00,249-77-73046,푸른산업,P-003,M12 커넥터,129,8500
1080,2025-10-29 11:17:00,249-77-73046,푸른산업,P-001,산업용 센서,35,45000
1081,2025-10-29 14:45:00,550-43-26429,누리금속,P-012,방열 팬 24V,33,9500
1081,2025-10-29 14:45:00,550-43-26429,누리금속,P-003,M12 커넥터,70,8500
1081,2025-10-29 14:45:00,550-43-26429,누리금속,P-011,산업용 릴레이,50,12000
1081,2025-10-29 14:45:00,550-43-26429,누리금속,P-007,모터 드라이버,5,210000
1081,2025-10-29 14:45:00,550-43-26429,누리금속,P-001,산업용 센서,15,45000
1082,2025-10-29 15:08:00,249-77-73046,푸른산업,P-007,모터 드라이버,7,210000
1082,2025-10-29 15:08:00,249-77-73046,푸른산업,P-011,산업용 릴레이,111,12000
1082,2025-10-29 15:08:00,249-77-73046,푸른산업,P-003,M12 커넥터,115,8500
1082,2025-10-29 15:08:00,249-77-73046,푸른산업,P-001,산업용 센서,49,45000
1083,2025-10-29 13:56:00,599-86-84485,가온반도체,P-009,공압 실린더,4,78000
1083,2025-10-29 13:56:00,599-86-84485,가온반도체,P-003,M12 커넥터,49,8500
1084,2025-10-29 13:11:00,969-90-43341,은하시스템,P-008,DIN 레일 전원공급장치,23,65000
1084,2025-10-29 13:11:00,969-90-43341,은하시스템,P-011,산업용 릴레이,76,12000
1084,2025-10-29 13:11:00,969-90-43341,은하시스템,P-003,M12 커넥터,99,8500
1084,2025-10-29 13:11:00,969-90-43341,은하시스템,P-004,케이블 하네스,71,15000
1085,2025-10-29 09:54:00,181-78-68910,한빛정밀,P-004,케이블 하네스,59,15000
1085,2025-10-29 09:54:00,181-78-68910,한빛정밀,P-011,산업용 릴레이,71,12000
1086,2025-10-29 10:30:00,815-26-51664,라온메카닉스,P-011,산업용 릴레이,22,12000
1087,2025-10-29 11:18:00,249-77-73046,푸른산업,P-004,케이블 하네스,98,15000
1087,2025-10-29 11:18:00,249-77-73046,푸른산업,P-003,M12 커넥터,91,8500
1087,2025-10-29 11:18:00,249-77-73046,푸른산업,P-001,산업용 센서,35,45000
1087,2025-10-29 11:18:00,249-77-73046,푸른산업,P-011,산업용 릴레이,93,12000
1088,2025-10-30 13:08:00,969-90-43341,은하시스템,P-010,베어링 6204,108,6500
1088,2025-10-30 13:08:00,969-90-43341,은하시스템,P-008,DIN 레일 전원공급장치,11,65000
1088,2025-10-30 13:08:00,969-90-43341,은하시스템,P-011,산업용 릴레이,88,12000
1089,2025-10-30 14:19:00,249-77-73046,푸른산업,P-003,M12 커넥터,127,8500
1090,2025-10-31 15:49:00,249-77-73046,푸른산업,P-004,케이블 하네스,81,15000
1090,2025-10-31 15:49:00,249-77-73046,푸른산업,P-012,방열 팬 24V,46,9500
1091,2025-10-31 09:14:00,419-49-90380,동서기계,P-012,방열 팬 24V,30,9500
1092,2025-10-31 11:43:00,929-76-42997,청솔설비,P-008,DIN 레일 전원공급장치,10,65000
1092,2025-10-31 11:43:00,929-76-42997,청솔설비,P-011,산업용 릴레이,30,12000
1092,2025-10-31 11:43:00,929-76-42997,청솔설비,P-003,M12 커넥터,38,8500
1093,2025-10-31 09:05:00,573-96-76216,미래오토메이션,P-003,M12 커넥터,58,8500
1094,2025-11-01 17:45:00,249-77-73046,푸른산업,P-002,근접 스위치,41,28000
1095,2025-11-03 12:10:00,599-86-84485,가온반도체,P-010,베어링 6204,64,6500
1095,2025-11-03 12:10:00,599-86-84485,가온반도체,P-003,M12 커넥터,52,8500
1096,2025-11-03 10:54:00,520-58-23885,온누리전기,P-011,산업용 릴레이,76,12000
1096,2025-11-03 10:54:00,520-58-23885,온누리전기,P-012,방열 팬 24V,37,9500
1096,2025-11-03 10:54:00,520-58-23885,온누리전기,P-008,DIN 레일 전원공급장치,12,65000
1097,2025-11-03 11:27:00,249-77-73046,푸른산업,P-002,근접 스위치,61,28000
1097,2025-11-03 11:27:00,249-77-73046,푸른산업,P-010,베어링 6204,159,6500
1098,2025-11-03 14:49:00,969-90-43341,은하시스템,P-003,M12 커넥터,82,8500
1098,2025-11-03 14:49:00,969-90-43341,은하시스템,P-002,근접 스위치,38,28000
1099,2025-11-03 14:44:00,520-58-23885,온누리전기,P-011,산업용 릴레이,67,12000
1100,2025-11-03 10:25:00,550-43-26429,누리금속,P-003,M12 커넥터,68,8500
1100,2025-11-03 10:25:00,550-43-26429,누리금속,P-004,케이블 하네스,38,15000
1101,2025-11-03 11:50:00,181-78-68910,한빛정밀,P-002,근접 스위치,36,28000
1101,2025-11-03 11:50:00,181-78-68910,한빛정밀,P-004,케이블 하네스,58,15000
1101,2025-11-03 11:50:00,181-78-68910,한빛정밀,P-010,베어링 6204,111,6500
1102,2025-11-03 10:26:00,929-76-42997,청솔설비,P-003,M12 커넥터,33,8500
1102,2025-11-03 10:26:00,929-76-42997,청솔설비,P-011,산업용 릴레이,30,12000
1102,2025-11-03 10:26:00,929-76-42997,청솔설비,P-002,근접 스위치,17,28000
1102,2025-11-03 10:26:00,929-76-42997,청솔설비,P-010,베어링 6204,65,6500
1103,2025-11-04 13:24:00,505-30-18292,우리엔지니어링,P-002,근접 스위치,17,28000
1104,2025-11-04 16:23:00,929-76-42997,청솔설비,P-001,산업용 센서,16,45000
1104,2025-11-04 16:23:00,929-76-42997,청솔설비,P-011,산업용 릴레이,28,12000
1105,2025-11-04 17:09:00,783-27-42751,다온테크,P-010,베어링 6204,97,6500
1105,2025-11-04 17:09:00,783-27-42751,다온테크,P-002,근접 스위치,32,28000
1105,2025-11-04 17:09:00,783-27-42751,다온테크,P-001,산업용 센서,20,45000
1106,2025-11-04 17:17:00,249-77-73046,푸른산업,P-010,베어링 6204,168,6500
1107,2025-11-04 15:04:00,181-78-68910,한빛정밀,P-010,베어링 6204,116,6500
1107,2025-11-04 15:04:00,181-78-68910,한빛정밀,P-003,M12 커넥터,87,8500
1107,2025-11-04 15:04:00,181-78-68910,한빛정밀,P-012,방열 팬 24V,49,9500
1108,2025-11-05 17:28:00,933-45-84047,해든로보틱스,P-003,M12 커넥터,84,8500
1108,2025-11-05 17:28:00,933-45-84047,해든로보틱스,P-012,방열 팬 24V,47,9500
1109,2025-11-05 09:44:00,550-43-26429,누리금속,P-002,근접 스위치,27,28000
1109,2025-11-05 09:44:00,550-43-26429,누리금속,P-001,산업용 센서,21,45000
1109,2025-11-05 09:44:00,550-43-26429,누리금속,P-012,방열 팬 24V,30,9500
1110,2025-11-05 16:18:00,969-90-43341,은하시스템,P-006,서보 모터,3,520000
1110,2025-11-05 16:18:00,969-90-43341,은하시스템,P-001,산업용 센서,23,45000
1111,2025-11-05 10:11:00,181-78-68910,한빛정밀,P-001,산업용 센서,35,45000
1111,2025-11-05 10:11:00,181-78-68910,한빛정밀,P-010,베어링 6204,138,6500
1112,2025-11-06 10:25:00,550-43-26429,누리금속,P-009,공압 실린더,11,78000
1112,2025-11-06 10:25:00,550-43-26429,누리금속,P-011,산업용 릴레이,42,12000
1113,2025-11-06 10:37:00,783-27-42751,다온테크,P-004,케이블 하네스,37,15000
1114,2025-11-06 15:19:00,520-58-23885,온누리전기,P-010,베어링 6204,109,6500
1115,2025-11-06 12:32:00,419-49-90380,동서기계,P-008,DIN 레일 전원공급장치,8,65000
1115,2025-11-06 12:32:00,419-49-90380,동서기계,P-010,베어링 6204,67,6500
1115,2025-11-06 12:32:00,419-49-90380,동서기계,P-001,산업용 센서,11,45000
1116,2025-11-06 13:11:00,419-49-90380,동서기계,P-011,산업용 릴레이,34,12000
1116,2025-11-06 13:11:00,419-49-90380,동서기계,P-004,케이블 하네스,26,15000
1116,2025-11-06 13:11:00,419-49-90380,동서기계,P-010,베어링 6204,61,6500
1117,2025-11-06 11:43:00,969-90-43341,은하시스템,P-004,케이블 하네스,52,15000
1118,2025-11-06 16:14:00,815-26-51664,라온메카닉스,P-003,M12 커넥터,34,8500
1118,2025-11-06 16:14:00,815-26-51664,라온메카닉스,P-005,PLC 모듈,1,380000
1118,2025-11-06 16:14:00,815-26-51664,라온메카닉스,P-007,모터 드라이버,1,210000
1119,2025-11-07 17:58:00,784-55-21530,새봄전자,P-001,산업용 센서,16,45000
1119,2025-11-07 17:58:00,784-55-21530,새봄전자,P-008,DIN 레일 전원공급장치,6,65000
1120,2025-11-07 11:32:00,969-90-43341,은하시스템,P-002,근접 스위치,35,28000
1120,2025-11-07 11:32:00,969-90-43341,은하시스템,P-008,DIN 레일 전원공급장치,14,65000
1121,2025-11-07 10:44:00,181-78-68910,한빛정밀,P-001,산업용 센서,32,45000
1121,2025-11-07 10:44:00,181-78-68910,한빛정밀,P-004,케이블 하네스,69,15000
1122,2025-11-07 11:02:00,249-77-73046,푸른산업,P-001,산업용 센서,39,45000
1122,2025-11-07 11:02:00,249-77-73046,푸른산업,P-002,근접 스위치,67,28000
1123,2025-11-07 09:52:00,815-26-51664,라온메카닉스,P-011,산업용 릴레이,33,12000
1123,2025-11-07 09:52:00,815-26-51664,라온메카닉스,P-008,DIN 레일 전원공급장치,8,65000
1123,2025-11-07 09:52:00,815-26-51664,라온메카닉스,P-003,M12 커넥터,30,8500
1123,2025-11-07 09:52:00,815-26-51664,라온메카닉스,P-005,PLC 모듈,2,380000
1124,2025-11-07 15:56:00,505-30-18292,우리엔지니어링,P-008,DIN 레일 전원공급장치,5,65000
1124,2025-11-07 15:56:00,505-30-18292,우리엔지니어링,P-011,산업용 릴레이,18,12000
1125,2025-11-08 16:30:00,929-76-42997,청솔설비,P-012,방열 팬 24V,21,9500
1125,2025-11-08 16:30:00,929-76-42997,청솔설비,P-008,DIN 레일 전원공급장치,4,65000
1125,2025-11-08 16:30:00,929-76-42997,청솔설비,P-001,산업용 센서,14,45000
1126,2025-11-10 12:19:00,495-17-72762,대성기계,P-002,근접 스위치,6,28000
1127,2025-11-10 14:45:00,599-86-84485,가온반도체,P-010,베어링 6204,83,6500
1128,2025-11-10 12:46:00,419-49-90380,동서기계,P-004,케이블 하네스,29,15000
1128,2025-11-10 12:46:00,419-49-90380,동서기계,P-005,PLC 모듈,3,380000
1128,2025-11-10 12:46:00,419-49-90380,동서기계,P-001,산업용 센서,10,45000
1129,2025-11-11 16:59:00,550-43-26429,누리금속,P-003,M12 커넥터,53,8500
1129,2025-11-11 16:59:00,550-43-26429,누리금속,P-011,산업용 릴레이,44,12000
1129,2025-11-11 16:59:00,550-43-26429,누리금속,P-005,PLC 모듈,2,380000
1130,2025-11-11 17:30:00,933-45-84047,해든로보틱스,P-011,산업용 릴레이,61,12000
1130,2025-11-11 17:30:00,933-45-84047,해든로보틱스,P-006,서보 모터,1,520000
1130,2025-11-11 17:30:00,933-45-84047,해든로보틱스,P-002,근접 스위치,27,28000
1131,2025-11-11 12:20:00,520-58-23885,온누리전기,P-012,방열 팬 24V,31,9500
1131,2025-11-11 12:20:00,520-58-23885,온누리전기,P-003,M12 커넥터,69,8500
1131,2025-11-11 12:20:00,520-58-23885,온누리전기,P-002,근접 스위치,23,28000
1131,2025-11-11 12:20:00,520-58-23885,온누리전기,P-004,케이블 하네스,45,15000
1132,2025-11-11 10:21:00,784-55-21530,새봄전자,P-003,M12 커넥터,29,8500
1132,2025-11-11 10:21:00,784-55-21530,새봄전자,P-001,산업용 센서,12,45000
1133,2025-11-11 11:55:00,520-58-23885,온누리전기,P-010,베어링 6204,109,6500
1133,2025-11-11 11:55:00,520-58-23885,온누리전기,P-003,M12 커넥터,80,8500
1133,2025-11-11 11:55:00,520-58-23885,온누리전기,P-011,산업용 릴레이,70,12000
1133,2025-11-11 11:55:00,520-58-23885,온누리전기,P-001,산업용 센서,27,45000
1134,2025-11-11 11:20:00,550-43-26429,누리금속,P-004,케이블 하네스,39,15000
1134,2025-11-11 11:20:00,550-43-26429,누리금속,P-002,근접 스위치,22,28000
1135,2025-11-12 09:02:00,933-45-84047,해든로보틱스,P-010,베어링 6204,115,6500
1135,2025-11-12 09:02:00,933-45-84047,해든로보틱스,P-002,근접 스위치,33,28000
1136,2025-11-12 10:13:00,249-77-73046,푸른산업,P-011,산업용 릴레이,103,12000
1137,2025-11-12 16:15:00,249-77-73046,푸른산업,P-004,케이블 하네스,69,15000
1137,2025-11-12 16:15:00,249-77-73046,푸른산업,P-002,근접 스위치,61,28000
1138,2025-11-12 09:15:00,249-77-73046,푸른산업,P-001,산업용 센서,40,45000
1138,2025-11-12 09:15:00,249-77-73046,푸른산업,P-012,방열 팬 24V,48,9500
1138,2025-11-12 09:15:00,249-77-73046,푸른산업,P-004,케이블 하네스,76,15000
1139,2025-11-12 11:40:00,599-86-84485,가온반도체,P-011,산업용 릴레이,52,12000
1140,2025-11-13 13:26:00,969-90-43341,은하시스템,P-003,M12 커넥터,81,8500
1140,2025-11-13 13:26:00,969-90-43341,은하시스템,P-004,케이블 하네스,54,15000
1140,2025-11-13 13:26:00,969-90-43341,은하시스템,P-002,근접 스위치,31,28000
1141,2025-11-13 09:19:00,933-45-84047,해든로보틱스,P-007,모터 드라이버,2,210000
1141,2025-11-13 09:19:00,933-45-84047,해든로보틱스,P-012,방열 팬 24V,38,9500
1141,2025-11-13 09:19:00,933-45-84047,해든로보틱스,P-004,케이블 하네스,53,15000
1142,2025-11-13 12:42:00,249-77-73046,푸른산업,P-010,베어링 6204,178,6500
1142,2025-11-13 12:42:00,249-77-73046,푸른산업,P-011,산업용 릴레이,99,12000
1142,2025-11-13 12:42:00,249-77-73046,푸른산업,P-001,산업용 센서,37,45000
1142,2025-11-13 12:42:00,249-77-73046,푸른산업,P-004,케이블 하네스,73,15000
1143,2025-11-14 15:36:00,181-78-68910,한빛정밀,P-001,산업용 센서,35,45000
1143,2025-11-14 15:36:00,181-78-68910,한빛정밀,P-010,베어링 6204,122,6500
1144,2025-11-14 11:05:00,249-77-73046,푸른산업,P-011,산업용 릴레이,98,12000
1144,2025-11-14 11:05:00,249-77-73046,푸른산업,P-012,방열 팬 24V,57,9500
1145,2025-11-14 11:16:00,520-58-23885,온누리전기,P-001,산업용 센서,20,45000
1145,2025-11-14 11:16:00,520-58-23885,온누리전기,P-003,M12 커넥터,78,8500
1145,2025-11-14 11:16:00,520-58-23885,온누리전기,P-004,케이블 하네스,52,15000
1146,2025-11-14 10:18:00,573-96-76216,미래오토메이션,P-011,산업용 릴레이,28,12000
1146,2025-11-14 10:18:00,573-96-76216,미래오토메이션,P-003,M12 커넥터,35,8500
1147,2025-11-14 16:56:00,783-27-42751,다온테크,P-011,산업용 릴레이,48,12000
1148,2025-11-14 11:53:00,929-76-42997,청솔설비,P-005,PLC 모듈,4,380000
1149,2025-11-14 09:34:00,181-78-68910,한빛정밀,P-009,공압 실린더,12,78000
1149,2025-11-14 09:34:00,181-78-68910,한빛정밀,P-002,근접 스위치,35,28000
1149,2025-11-14 09:34:00,181-78-68910,한빛정밀,P-003,M12 커넥터,84,8500
1150,2025-11-16 16:34:00,783-27-42751,다온테크,P-001,산업용 센서,28,45000
1150,2025-11-16 16:34:00,783-27-42751,다온테크,P-002,근접 스위치,32,28000
1151,2025-11-17 10:11:00,550-43-26429,누리금속,P-001,산업용 센서,22,45000
1152,2025-11-17 17:41:00,969-90-43341,은하시스템,P-005,PLC 모듈,6,380000
1152,2025-11-17 17:41:00,969-90-43341,은하시스템,P-003,M12 커넥터,77,8500
1153,2025-11-18 15:45:00,181-78-68910,한빛정밀,P-009,공압 실린더,15,78000
1153,2025-11-18 15:45:00,181-78-68910,한빛정밀,P-008,DIN 레일 전원공급장치,13,65000
1153,2025-11-18 15:45:00,181-78-68910,한빛정밀,P-010,베어링 6204,149,6500
1154,2025-11-18 15:11:00,599-86-84485,가온반도체,P-002,근접 스위치,13,28000
1154,2025-11-18 15:11:00,599-86-84485,가온반도체,P-005,PLC 모듈,6,380000
1154,2025-11-18 15:11:00,599-86-84485,가온반도체,P-004,케이블 하네스,38,15000
1155,2025-11-18 14:46:00,550-43-26429,누리금속,P-007,모터 드라이버,5,210000
1155,2025-11-18 14:46:00,550-43-26429,누리금속,P-002,근접 스위치,14,28000
1155,2025-11-18 14:46:00,550-43-26429,누리금속,P-010,베어링 6204,72,6500
1155,2025-11-18 14:46:00,550-43-26429,누리금속,P-005,PLC 모듈,3,380000
1156,2025-11-19 09:54:00,505-30-18292,우리엔지니어링,P-011,산업용 릴레이,28,12000
1157,2025-11-19 17:38:00,929-76-42997,청솔설비,P-009,공압 실린더,6,78000
1157,2025-11-19 17:38:00,929-76-42997,청솔설비,P-012,방열 팬 24V,20,9500
1158,2025-11-19 10:15:00,550-43-26429,누리금속,P-002,근접 스위치,20,28000
1158,2025-11-19 10:15:00,550-43-26429,누리금속,P-005,PLC 모듈,3,380000
1159,2025-11-19 09:57:00,969-90-43341,은하시스템,P-009,공압 실린더,10,78000
1159,2025-11-19 09:57:00,969-90-43341,은하시스템,P-001,산업용 센서,28,45000
1159,2025-11-19 09:57:00,969-90-43341,은하시스템,P-012,방열 팬 24V,41,9500
1159,2025-11-19 09:57:00,969-90-43341,은하시스템,P-007,모터 드라이버,4,210000
1160,2025-11-19 17:36:00,933-45-84047,해든로보틱스,P-008,DIN 레일 전원공급장치,15,65000
1160,2025-11-19 17:36:00,933-45-84047,해든로보틱스,P-012,방열 팬 24V,34,9500
1161,2025-11-19 11:52:00,419-49-90380,동서기계,P-008,DIN 레일 전원공급장치,10,65000
1161,2025-11-19 11:52:00,419-49-90380,동서기계,P-003,M12 커넥터,57,8500
1161,2025-11-19 11:52:00,419-49-90380,동서기계,P-001,산업용 센서,19,45000
1162,2025-11-20 09:36:00,933-45-84047,해든로보틱스,P-004,케이블 하네스,55,15000
1163,2025-11-21 13:56:00,969-90-43341,은하시스템,P-004,케이블 하네스,47,15000
1163,2025-11-21 13:56:00,969-90-43341,은하시스템,P-010,베어링 6204,104,6500
1164,2025-11-21 17:03:00,969-90-43341,은하시스템,P-004,케이블 하네스,58,15000
1164,2025-11-21 17:03:00,969-90-43341,은하시스템,P-002,근접 스위치,36,28000
1164,2025-11-21 17:03:00,969-90-43341,은하시스템,P-011,산업용 릴레이,65,12000
1164,2025-11-21 17:03:00,969-90-43341,은하시스템,P-010,베어링 6204,95,6500
1165,2025-11-21 12:49:00,419-49-90380,동서기계,P-004,케이블 하네스,25,15000
1165,2025-11-21 12:49:00,419-49-90380,동서기계,P-002,근접 스위치,22,28000
1166,2025-11-22 16:49:00,783-27-42751,다온테크,P-010,베어링 6204,89,6500
1166,2025-11-22 16:49:00,783-27-42751,다온테크,P-004,케이블 하네스,46,15000
1166,2025-11-22 16:49:00,783-27-42751,다온테크,P-011,산업용 릴레이,54,12000
1166,2025-11-22 16:49:00,783-27-42751,다온테크,P-003,M12 커넥터,57,8500
1166,2025-11-22 16:49:00,783-27-42751,다온테크,P-005,PLC 모듈,4,380000
1167,2025-11-24 16:47:00,550-43-26429,누리금속,P-004,케이블 하네스,49,15000
1167,2025-11-24 16:47:00,550-43-26429,누리금속,P-012,방열 팬 24V,36,9500
1168,2025-11-24 15:56:00,969-90-43341,은하시스템,P-010,베어링 6204,101,6500
1168,2025-11-24 15:56:00,969-90-43341,은하시스템,P-004,케이블 하네스,80,15000
1168,2025-11-24 15:56:00,969-90-43341,은하시스템,P-011,산업용 릴레이,64,12000
1169,2025-11-24 12:01:00,550-43-26429,누리금속,P-005,PLC 모듈,3,380000
1169,2025-11-24 12:01:00,550-43-26429,누리금속,P-004,케이블 하네스,32,15000
1169,2025-11-24 12:01:00,550-43-26429,누리금속,P-010,베어링 6204,94,6500
1170,2025-11-24 16:42:00,249-77-73046,푸른산업,P-004,케이블 하네스,87,15000
1170,2025-11-24 16:42:00,249-77-73046,푸른산업,P-002,근접 스위치,43,28000
1171,2025-11-24 11:51:00,520-58-23885,온누리전기,P-002,근접 스위치,35,28000
1172,2025-11-24 12:06:00,969-90-43341,은하시스템,P-008,DIN 레일 전원공급장치,16,65000
1172,2025-11-24 12:06:00,969-90-43341,은하시스템,P-011,산업용 릴레이,67,12000
1172,2025-11-24 12:06:00,969-90-43341,은하시스템,P-001,산업용 센서,28,45000
1172,2025-11-24 12:06:00,969-90-43341,은하시스템,P-003,M12 커넥터,73,8500
1172,2025-11-24 12:06:00,969-90-43341,은하시스템,P-012,방열 팬 24V,32,9500
1173,2025-11-24 09:13:00,550-43-26429,누리금속,P-011,산업용 릴레이,59,12000
1173,2025-11-24 09:13:00,550-43-26429,누리금속,P-003,M12 커넥터,64,8500
1173,2025-11-24 09:13:00,550-43-26429,누리금속,P-010,베어링 6204,86,6500
1174,2025-11-24 12:20:00,249-77-73046,푸른산업,P-007,모터 드라이버,4,210000
1175,2025-11-24 17:01:00,969-90-43341,은하시스템,P-001,산업용 센서,30,45000
1175,2025-11-24 17:01:00,969-90-43341,은하시스템,P-005,PLC 모듈,3,380000
1176,2025-11-25 09:12:00,783-27-42751,다온테크,P-003,M12 커넥터,71,8500
1176,2025-11-25 09:12:00,783-27-42751,다온테크,P-001,산업용 센서,20,45000
1176,2025-11-25 09:12:00,783-27-42751,다온테크,P-010,베어링 6204,89,6500
1177,2025-11-25 16:04:00,505-30-18292,우리엔지니어링,P-010,베어링 6204,57,6500
1177,2025-11-25 16:04:00,505-30-18292,우리엔지니어링,P-003,M12 커넥터,32,8500
1178,2025-11-25 15:00:00,599-86-84485,가온반도체,P-001,산업용 센서,18,45000
1178,2025-11-25 15:00:00,599-86-84485,가온반도체,P-003,M12 커넥터,71,8500
1179,2025-11-25 13:45:00,599-86-84485,가온반도체,P-002,근접 스위치,19,28000
1180,2025-11-25 14:08:00,249-77-73046,푸른산업,P-002,근접 스위치,52,28000
1181,2025-11-25 12:28:00,550-43-26429,누리금속,P-012,방열 팬 24V,23,9500
1182,2025-11-25 13:53:00,419-49-90380,동서기계,P-012,방열 팬 24V,21,9500
1182,2025-11-25 13:53:00,419-49-90380,동서기계,P-002,근접 스위치,17,28000
1182,2025-11-25 13:53:00,419-49-90380,동서기계,P-008,DIN 레일 전원공급장치,8,65000
1183,2025-11-25 17:19:00,550-43-26429,누리금속,P-010,베어링 6204,304,6500
1183,2025-11-25 17:19:00,550-43-26429,누리금속,P-012,방열 팬 24V,99,9500
1184,2025-11-25 10:15:00,249-77-73046,푸른산업,P-007,모터 드라이버,5,210000
1184,2025-11-25 10:15:00,249-77-73046,푸른산업,P-002,근접 스위치,44,28000
1185,2025-11-26 15:32:00,969-90-43341,은하시스템,P-010,베어링 6204,113,6500
1185,2025-11-26 15:32:00,969-90-43341,은하시스템,P-001,산업용 센서,22,45000
1186,2025-11-26 16:19:00,969-90-43341,은하시스템,P-007,모터 드라이버,3,210000
1186,2025-11-26 16:19:00,969-90-43341,은하시스템,P-002,근접 스위치,38,28000
1186,2025-11-26 16:19:00,969-90-43341,은하시스템,P-005,PLC 모듈,9,380000
1187,2025-11-26 11:43:00,181-78-68910,한빛정밀,P-001,산업용 센서,24,45000
1188,2025-11-27 14:51:00,181-78-68910,한빛정밀,P-010,베어링 6204,103,6500
1188,2025-11-27 14:51:00,181-78-68910,한빛정밀,P-001,산업용 센서,27,45000
1188,2025-11-27 14:51:00,181-78-68910,한빛정밀,P-006,서보 모터,5,520000
1189,2025-11-27 17:34:00,550-43-26429,누리금속,P-004,케이블 하네스,33,15000
1189,2025-11-27 17:34:00,550-43-26429,누리금속,P-006,서보 모터,4,520000
1190,2025-11-27 11:22:00,550-43-26429,누리금속,P-002,근접 스위치,25,28000
1190,2025-11-27 11:22:00,550-43-26429,누리금속,P-008,DIN 레일 전원공급장치,5,65000
1190,2025-11-27 11:22:00,550-43-26429,누리금속,P-003,M12 커넥터,68,8500
1190,2025-11-27 11:22:00,550-43-26429,누리금속,P-011,산업용 릴레이,51,12000
1191,2025-11-27 11:11:00,550-43-26429,누리금속,P-007,모터 드라이버,3,210000
1192,2025-11-27 10:54:00,784-55-21530,새봄전자,P-012,방열 팬 24V,15,9500
1192,2025-11-27 10:54:00,784-55-21530,새봄전자,P-010,베어링 6204,49,6500
1192,2025-11-27 10:54:00,784-55-21530,새봄전자,P-009,공압 실린더,5,78000
1193,2025-11-27 12:55:00,599-86-84485,가온반도체,P-001,산업용 센서,21,45000
1193,2025-11-27 12:55:00,599-86-84485,가온반도체,P-003,M12 커넥터,72,8500
1193,2025-11-27 12:55:00,599-86-84485,가온반도체,P-002,근접 스위치,20,28000
1193,2025-11-27 12:55:00,599-86-84485,가온반도체,P-012,방열 팬 24V,31,9500
1193,2025-11-27 12:55:00,599-86-84485,가온반도체,P-011,산업용 릴레이,50,12000
1193,2025-11-27 12:55:00,599-86-84485,가온반도체,P-010,베어링 6204,80,6500
1193,2025-11-27 12:55:00,599-86-84485,가온반도체,P-008,DIN 레일 전원공급장치,7,65000
1194,2025-11-27 10:15:00,783-27-42751,다온테크,P-001,산업용 센서,21,45000
1194,2025-11-27 10:15:00,783-27-42751,다온테크,P-010,베어링 6204,108,6500
1194,2025-11-27 10:15:00,783-27-42751,다온테크,P-002,근접 스위치,34,28000
1194,2025-11-27 10:15:00,783-27-42751,다온테크,P-009,공압 실린더,4,78000
1195,2025-11-28 10:02:00,181-78-68910,한빛정밀,P-012,방열 팬 24V,48,9500
1195,2025-11-28 10:02:00,181-78-68910,한빛정밀,P-001,산업용 센서,22,45000
1196,2025-11-28 09:32:00,419-49-90380,동서기계,P-011,산업용 릴레이,31,12000
1196,2025-11-28 09:32:00,419-49-90380,동서기계,P-003,M12 커넥터,34,8500
1196,2025-11-28 09:32:00,419-49-90380,동서기계,P-001,산업용 센서,20,45000
1196,2025-11-28 09:32:00,419-49-90380,동서기계,P-004,케이블 하네스,26,15000
1196,2025-11-28 09:32:00,419-49-90380,동서기계,P-012,방열 팬 24V,25,9500
1196,2025-11-28 09:32:00,419-49-90380,동서기계,P-002,근접 스위치,17,28000
1197,2025-12-01 09:14:00,495-17-72762,대성기계,P-003,M12 커넥터,22,8500
1198,2025-12-01 09:40:00,520-58-23885,온누리전기,P-003,M12 커넥터,83,8500
1198,2025-12-01 09:40:00,520-58-23885,온누리전기,P-002,근접 스위치,35,28000
1199,2025-12-01 10:17:00,249-77-73046,푸른산업,P-004,케이블 하네스,75,15000
1199,2025-12-01 10:17:00,249-77-73046,푸른산업,P-001,산업용 센서,37,45000
1200,2025-12-01 14:56:00,969-90-43341,은하시스템,P-001,산업용 센서,26,45000
1201,2025-12-01 14:36:00,249-77-73046,푸른산업,P-004,케이블 하네스,76,15000
1201,2025-12-01 14:36:00,249-77-73046,푸른산업,P-001,산업용 센서,25,45000
1201,2025-12-01 14:36:00,249-77-73046,푸른산업,P-010,베어링 6204,170,6500
1202,2025-12-01 16:00:00,933-45-84047,해든로보틱스,P-002,근접 스위치,45,28000
1203,2025-12-01 13:56:00,249-77-73046,푸른산업,P-004,케이블 하네스,75,15000
1203,2025-12-01 13:56:00,249-77-73046,푸른산업,P-003,M12 커넥터,111,8500
1203,2025-12-01 13:56:00,249-77-73046,푸른산업,P-001,산업용 센서,43,45000
1203,2025-12-01 13:56:00,249-77-73046,푸른산업,P-010,베어링 6204,142,6500
1204,2025-12-02 17:08:00,933-45-84047,해든로보틱스,P-012,방열 팬 24V,24,9500
1205,2025-12-02 17:12:00,249-77-73046,푸른산업,P-011,산업용 릴레이,103,12000
1206,2025-12-02 09:26:00,181-78-68910,한빛정밀,P-001,산업용 센서,120,45000
1206,2025-12-02 09:26:00,181-78-68910,한빛정밀,P-003,M12 커넥터,385,8500
1207,2025-12-02 11:12:00,599-86-84485,가온반도체,P-012,방열 팬 24V,26,9500
1207,2025-12-02 11:12:00,599-86-84485,가온반도체,P-002,근접 스위치,24,28000
1207,2025-12-02 11:12:00,599-86-84485,가온반도체,P-001,산업용 센서,16,45000
1208,2025-12-02 16:11:00,929-76-42997,청솔설비,P-001,산업용 센서,16,45000
1209,2025-12-02 12:08:00,520-58-23885,온누리전기,P-001,산업용 센서,23,45000
1209,2025-12-02 12:08:00,520-58-23885,온누리전기,P-004,케이블 하네스,50,15000
1210,2025-12-02 14:10:00,933-45-84047,해든로보틱스,P-007,모터 드라이버,5,210000
1210,2025-12-02 14:10:00,933-45-84047,해든로보틱스,P-003,M12 커넥터,88,8500
1211,2025-12-02 15:21:00,599-86-84485,가온반도체,P-011,산업용 릴레이,63,12000
1212,2025-12-02 13:08:00,969-90-43341,은하시스템,P-009,공압 실린더,11,78000
1212,2025-12-02 13:08:00,969-90-43341,은하시스템,P-005,PLC 모듈,3,380000
1213,2025-12-03 16:31:00,249-77-73046,푸른산업,P-004,케이블 하네스,84,15000
1213,2025-12-03 16:31:00,249-77-73046,푸른산업,P-001,산업용 센서,49,45000
1213,2025-12-03 16:31:00,249-77-73046,푸른산업,P-008,DIN 레일 전원공급장치,22,65000
1213,2025-12-03 16:31:00,249-77-73046,푸른산업,P-002,근접 스위치,42,28000
1213,2025-12-03 16:31:00,249-77-73046,푸른산업,P-003,M12 커넥터,104,8500
1214,2025-12-03 16:41:00,929-76-42997,청솔설비,P-001,산업용 센서,11,45000
1214,2025-12-03 16:41:00,929-76-42997,청솔설비,P-005,PLC 모듈,1,380000
1214,2025-12-03 16:41:00,929-76-42997,청솔설비,P-003,M12 커넥터,40,8500
1214,2025-12-03 16:41:00,929-76-42997,청솔설비,P-002,근접 스위치,16,28000
1215,2025-12-03 17:41:00,933-45-84047,해든로보틱스,P-001,산업용 센서,31,45000
1215,2025-12-03 17:41:00,933-45-84047,해든로보틱스,P-012,방열 팬 24V,44,9500
1215,2025-12-03 17:41:00,933-45-84047,해든로보틱스,P-010,베어링 6204,97,6500
1215,2025-12-03 17:41:00,933-45-84047,해든로보틱스,P-011,산업용 릴레이,72,12000
1216,2025-12-03 15:23:00,933-45-84047,해든로보틱스,P-005,PLC 모듈,10,380000
1216,2025-12-03 15:23:00,933-45-84047,해든로보틱스,P-003,M12 커넥터,69,8500
1216,2025-12-03 15:23:00,933-45-84047,해든로보틱스,P-004,케이블 하네스,53,15000
1217,2025-12-03 11:57:00,419-49-90380,동서기계,P-010,베어링 6204,67,6500
1218,2025-12-03 16:24:00,599-86-84485,가온반도체,P-008,DIN 레일 전원공급장치,16,65000
1218,2025-12-03 16:24:00,599-86-84485,가온반도체,P-010,베어링 6204,73,6500
1219,2025-12-04 16:58:00,249-77-73046,푸른산업,P-009,공압 실린더,13,78000
1220,2025-12-04 09:48:00,933-45-84047,해든로보틱스,P-003,M12 커넥터,89,8500
1220,2025-12-04 09:48:00,933-45-84047,해든로보틱스,P-004,케이블 하네스,48,15000
1220,2025-12-04 09:48:00,933-45-84047,해든로보틱스,P-012,방열 팬 24V,35,9500
1220,2025-12-04 09:48:00,933-45-84047,해든로보틱스,P-001,산업용 센서,26,45000
1221,2025-12-04 10:30:00,249-77-73046,푸른산업,P-012,방열 팬 24V,56,9500
1221,2025-12-04 10:30:00,249-77-73046,푸른산업,P-010,베어링 6204,147,6500
1221,2025-12-04 10:30:00,249-77-73046,푸른산업,P-011,산업용 릴레이,100,12000
1221,2025-12-04 10:30:00,249-77-73046,푸른산업,P-004,케이블 하네스,78,15000
1222,2025-12-04 14:25:00,520-58-23885,온누리전기,P-010,베어링 6204,98,6500
1223,2025-12-04 11:23:00,520-58-23885,온누리전기,P-010,베어링 6204,96,6500
1223,2025-12-04 11:23:00,520-58-23885,온누리전기,P-003,M12 커넥터,61,8500
1224,2025-12-05 17:26:00,181-78-68910,한빛정밀,P-002,근접 스위치,33,28000
1225,2025-12-05 17:23:00,419-49-90380,동서기계,P-002,근접 스위치,18,28000
1225,2025-12-05 17:23:00,419-49-90380,동서기계,P-003,M12 커넥터,49,8500
1225,2025-12-05 17:23:00,419-49-90380,동서기계,P-012,방열 팬 24V,29,9500
1225,2025-12-05 17:23:00,419-49-90380,동서기계,P-008,DIN 레일 전원공급장치,7,65000
1226,2025-12-05 11:34:00,550-43-26429,누리금속,P-001,산업용 센서,24,45000
1226,2025-12-05 11:34:00,550-43-26429,누리금속,P-010,베어링 6204,78,6500
1226,2025-12-05 11:34:00,550-43-26429,누리금속,P-002,근접 스위치,32,28000
1227,2025-12-05 16:56:00,933-45-84047,해든로보틱스,P-003,M12 커넥터,67,8500
1228,2025-12-05 10:40:00,181-78-68910,한빛정밀,P-011,산업용 릴레이,81,12000
1229,2025-12-05 16:15:00,784-55-21530,새봄전자,P-003,M12 커넥터,33,8500
1230,2025-12-05 12:44:00,933-45-84047,해든로보틱스,P-006,서보 모터,1,520000
1230,2025-12-05 12:44:00,933-45-84047,해든로보틱스,P-002,근접 스위치,32,28000
1230,2025-12-05 12:44:00,933-45-84047,해든로보틱스,P-001,산업용 센서,18,45000
1231,2025-12-05 11:22:00,419-49-90380,동서기계,P-007,모터 드라이버,2,210000
1231,2025-12-05 11:22:00,419-49-90380,동서기계,P-001,산업용 센서,6,45000
1232,2025-12-06 17:05:00,249-77-73046,푸른산업,P-001,산업용 센서,39,45000
1232,2025-12-06 17:05:00,249-77-73046,푸른산업,P-003,M12 커넥터,136,8500
1233,2025-12-07 11:53:00,783-27-42751,다온테크,P-004,케이블 하네스,67,15000
1233,2025-12-07 11:53:00,783-27-42751,다온테크,P-011,산업용 릴레이,66,12000
1233,2025-12-07 11:53:00,783-27-42751,다온테크,P-003,M12 커넥터,89,8500
1233,2025-12-07 11:53:00,783-27-42751,다온테크,P-010,베어링 6204,99,6500
1234,2025-12-07 16:54:00,815-26-51664,라온메카닉스,P-010,베어링 6204,46,6500
1235,2025-12-08 10:51:00,933-45-84047,해든로보틱스,P-001,산업용 센서,25,45000
1236,2025-12-08 16:37:00,933-45-84047,해든로보틱스,P-002,근접 스위치,29,28000
1237,2025-12-08 13:18:00,181-78-68910,한빛정밀,P-009,공압 실린더,14,78000
1237,2025-12-08 13:18:00,181-78-68910,한빛정밀,P-008,DIN 레일 전원공급장치,19,65000
1237,2025-12-08 13:18:00,181-78-68910,한빛정밀,P-012,방열 팬 24V,50,9500
1238,2025-12-08 11:48:00,815-26-51664,라온메카닉스,P-010,베어링 6204,41,6500
1239,2025-12-08 15:41:00,969-90-43341,은하시스템,P-003,M12 커넥터,76,8500
1240,2025-12-09 17:06:00,419-49-90380,동서기계,P-002,근접 스위치,21,28000
1240,2025-12-09 17:06:00,419-49-90380,동서기계,P-001,산업용 센서,16,45000
1240,2025-12-09 17:06:00,419-49-90380,동서기계,P-004,케이블 하네스,31,15000
1241,2025-12-10 14:06:00,181-78-68910,한빛정밀,P-003,M12 커넥터,95,8500
1241,2025-12-10 14:06:00,181-78-68910,한빛정밀,P-011,산업용 릴레이,76,12000
1241,2025-12-10 14:06:00,181-78-68910,한빛정밀,P-008,DIN 레일 전원공급장치,15,65000
1242,2025-12-10 13:59:00,520-58-23885,온누리전기,P-009,공압 실린더,12,78000
1243,2025-12-10 09:02:00,249-77-73046,푸른산업,P-003,M12 커넥터,125,8500
1243,2025-12-10 09:02:00,249-77-73046,푸른산업,P-002,근접 스위치,58,28000
1243,2025-12-10 09:02:00,249-77-73046,푸른산업,P-005,PLC 모듈,3,380000
1244,2025-12-10 17:53:00,933-45-84047,해든로보틱스,P-002,근접 스위치,27,28000
1244,2025-12-10 17:53:00,933-45-84047,해든로보틱스,P-008,DIN 레일 전원공급장치,12,65000
1244,2025-12-10 17:53:00,933-45-84047,해든로보틱스,P-004,케이블 하네스,68,15000
1245,2025-12-10 15:48:00,783-27-42751,다온테크,P-001,산업용 센서,27,45000
1245,2025-12-10 15:48:00,783-27-42751,다온테크,P-012,방열 팬 24V,37,9500
1245,2025-12-10 15:48:00,783-27-42751,다온테크,P-011,산업용 릴레이,63,12000
1245,2025-12-10 15:48:00,783-27-42751,다온테크,P-003,M12 커넥터,70,8500
1246,2025-12-10 12:32:00,573-96-76216,미래오토메이션,P-009,공압 실린더,9,78000
1246,2025-12-10 12:32:00,573-96-76216,미래오토메이션,P-010,베어링 6204,57,6500
1246,2025-12-10 12:32:00,573-96-76216,미래오토메이션,P-011,산업용 릴레이,37,12000
1246,2025-12-10 12:32:00,573-96-76216,미래오토메이션,P-005,PLC 모듈,2,380000
1247,2025-12-10 10:44:00,573-96-76216,미래오토메이션,P-004,케이블 하네스,35,15000
1247,2025-12-10 10:44:00,573-96-76216,미래오토메이션,P-001,산업용 센서,10,45000
1247,2025-12-10 10:44:00,573-96-76216,미래오토메이션,P-003,M12 커넥터,41,8500
1248,2025-12-11 16:52:00,933-45-84047,해든로보틱스,P-001,산업용 센서,23,45000
1248,2025-12-11 16:52:00,933-45-84047,해든로보틱스,P-007,모터 드라이버,3,210000
1248,2025-12-11 16:52:00,933-45-84047,해든로보틱스,P-012,방열 팬 24V,39,9500
1248,2025-12-11 16:52:00,933-45-84047,해든로보틱스,P-002,근접 스위치,31,28000
1249,2025-12-11 16:37:00,573-96-76216,미래오토메이션,P-001,산업용 센서,11,45000
1249,2025-12-11 16:37:00,573-96-76216,미래오토메이션,P-002,근접 스위치,22,28000
1250,2025-12-11 17:35:00,249-77-73046,푸른산업,P-003,M12 커넥터,112,8500
1251,2025-12-11 12:03:00,815-26-51664,라온메카닉스,P-003,M12 커넥터,34,8500
1251,2025-12-11 12:03:00,815-26-51664,라온메카닉스,P-002,근접 스위치,11,28000
1251,2025-12-11 12:03:00,815-26-51664,라온메카닉스,P-001,산업용 센서,10,45000
1252,2025-12-12 17:24:00,419-49-90380,동서기계,P-002,근접 스위치,19,28000
1253,2025-12-12 10:48:00,181-78-68910,한빛정밀,P-002,근접 스위치,41,28000
1253,2025-12-12 10:48:00,181-78-68910,한빛정밀,P-003,M12 커넥터,91,8500
1254,2025-12-12 13:23:00,933-45-84047,해든로보틱스,P-003,M12 커넥터,76,8500
1254,2025-12-12 13:23:00,933-45-84047,해든로보틱스,P-011,산업용 릴레이,64,12000
1254,2025-12-12 13:23:00,933-45-84047,해든로보틱스,P-004,케이블 하네스,46,15000
1255,2025-12-12 13:20:00,783-27-42751,다온테크,P-010,베어링 6204,103,6500
1255,2025-12-12 13:20:00,783-27-42751,다온테크,P-011,산업용 릴레이,63,12000
1255,2025-12-12 13:20:00,783-27-42751,다온테크,P-003,M12 커넥터,81,8500
1255,2025-12-12 13:20:00,783-27-42751,다온테크,P-012,방열 팬 24V,30,9500
1256,2025-12-13 12:59:00,181-78-68910,한빛정밀,P-006,서보 모터,3,520000
1256,2025-12-13 12:59:00,181-78-68910,한빛정밀,P-001,산업용 센서,31,45000
1257,2025-12-15 10:44:00,929-76-42997,청솔설비,P-002,근접 스위치,19,28000
1258,2025-12-15 15:20:00,969-90-43341,은하시스템,P-008,DIN 레일 전원공급장치,12,65000
1259,2025-12-15 15:40:00,783-27-42751,다온테크,P-010,베어링 6204,92,6500
1259,2025-12-15 15:40:00,783-27-42751,다온테크,P-004,케이블 하네스,64,15000
1259,2025-12-15 15:40:00,783-27-42751,다온테크,P-002,근접 스위치,38,28000
1259,2025-12-15 15:40:00,783-27-42751,다온테크,P-005,PLC 모듈,6,380000
1260,2025-12-16 09:07:00,929-76-42997,청솔설비,P-004,케이블 하네스,24,15000
1260,2025-12-16 09:07:00,929-76-42997,청솔설비,P-001,산업용 센서,17,45000
1260,2025-12-16 09:07:00,929-76-42997,청솔설비,P-003,M12 커넥터,41,8500
1261,2025-12-16 13:29:00,599-86-84485,가온반도체,P-001,산업용 센서,18,45000
1261,2025-12-16 13:29:00,599-86-84485,가온반도체,P-011,산업용 릴레이,48,12000
1262,2025-12-16 13:31:00,505-30-18292,우리엔지니어링,P-001,산업용 센서,9,45000
1262,2025-12-16 13:31:00,505-30-18292,우리엔지니어링,P-004,케이블 하네스,23,15000
1263,2025-12-16 16:33:00,783-27-42751,다온테크,P-009,공압 실린더,4,78000
1263,2025-12-16 16:33:00,783-27-42751,다온테크,P-004,케이블 하네스,53,15000
1263,2025-12-16 16:33:00,783-27-42751,다온테크,P-011,산업용 릴레이,69,12000
1264,2025-12-17 17:40:00,520-58-23885,온누리전기,P-007,모터 드라이버,2,210000
1265,2025-12-17 10:32:00,784-55-21530,새봄전자,P-004,케이블 하네스,18,15000
1265,2025-12-17 10:32:00,784-55-21530,새봄전자,P-001,산업용 센서,14,45000
1266,2025-12-17 13:18:00,933-45-84047,해든로보틱스,P-002,근접 스위치,34,28000
1267,2025-12-17 09:57:00,550-43-26429,누리금속,P-010,베어링 6204,78,6500
1267,2025-12-17 09:57:00,550-43-26429,누리금속,P-001,산업용 센서,21,45000
1268,2025-12-18 14:58:00,520-58-23885,온누리전기,P-002,근접 스위치,21,28000
1268,2025-12-18 14:58:00,520-58-23885,온누리전기,P-004,케이블 하네스,50,15000
1269,2025-12-18 10:55:00,969-90-43341,은하시스템,P-010,베어링 6204,110,6500
1269,2025-12-18 10:55:00,969-90-43341,은하시스템,P-008,DIN 레일 전원공급장치,10,65000
1270,2025-12-18 11:30:00,929-76-42997,청솔설비,P-009,공압 실린더,21,78000
1271,2025-12-18 12:46:00,969-90-43341,은하시스템,P-011,산업용 릴레이,56,12000
1272,2025-12-18 10:11:00,249-77-73046,푸른산업,P-005,PLC 모듈,4,380000
1272,2025-12-18 10:11:00,249-77-73046,푸른산업,P-004,케이블 하네스,83,15000
1272,2025-12-18 10:11:00,249-77-73046,푸른산업,P-009,공압 실린더,24,78000
1273,2025-12-18 09:01:00,520-58-23885,온누리전기,P-010,베어링 6204,411,6500
1274,2025-12-18 13:48:00,929-76-42997,청솔설비,P-007,모터 드라이버,1,210000
1274,2025-12-18 13:48:00,929-76-42997,청솔설비,P-001,산업용 센서,21,45000
1274,2025-12-18 13:48:00,929-76-42997,청솔설비,P-002,근접 스위치,26,28000
1275,2025-12-19 16:57:00,249-77-73046,푸른산업,P-001,산업용 센서,41,45000
1275,2025-12-19 16:57:00,249-77-73046,푸른산업,P-004,케이블 하네스,72,15000
1276,2025-12-19 09:41:00,181-78-68910,한빛정밀,P-004,케이블 하네스,67,15000
1276,2025-12-19 09:41:00,181-78-68910,한빛정밀,P-010,베어링 6204,122,6500
1276,2025-12-19 09:41:00,181-78-68910,한빛정밀,P-002,근접 스위치,31,28000
1276,2025-12-19 09:41:00,181-78-68910,한빛정밀,P-008,DIN 레일 전원공급장치,13,65000
1277,2025-12-19 14:24:00,573-96-76216,미래오토메이션,P-009,공압 실린더,3,78000
1277,2025-12-19 14:24:00,573-96-76216,미래오토메이션,P-002,근접 스위치,20,28000
1278,2025-12-20 13:30:00,783-27-42751,다온테크,P-010,베어링 6204,93,6500
1278,2025-12-20 13:30:00,783-27-42751,다온테크,P-004,케이블 하네스,41,15000
1279,2025-12-22 10:46:00,249-77-73046,푸른산업,P-003,M12 커넥터,131,8500
1279,2025-12-22 10:46:00,249-77-73046,푸른산업,P-001,산업용 센서,41,45000
1279,2025-12-22 10:46:00,249-77-73046,푸른산업,P-010,베어링 6204,149,6500
1279,2025-12-22 10:46:00,249-77-73046,푸른산업,P-002,근접 스위치,45,28000
1280,2025-12-22 13:15:00,784-55-21530,새봄전자,P-002,근접 스위치,19,28000
1281,2025-12-22 12:44:00,249-77-73046,푸른산업,P-003,M12 커넥터,106,8500
1281,2025-12-22 12:44:00,249-77-73046,푸른산업,P-001,산업용 센서,38,45000
1282,2025-12-22 14:17:00,181-78-68910,한빛정밀,P-003,M12 커넥터,89,8500
1282,2025-12-22 14:17:00,181-78-68910,한빛정밀,P-002,근접 스위치,57,28000
1282,2025-12-22 14:17:00,181-78-68910,한빛정밀,P-005,PLC 모듈,4,380000
1282,2025-12-22 14:17:00,181-78-68910,한빛정밀,P-001,산업용 센서,39,45000
1282,2025-12-22 14:17:00,181-78-68910,한빛정밀,P-010,베어링 6204,127,6500
1283,2025-12-23 13:23:00,550-43-26429,누리금속,P-003,M12 커넥터,49,8500
1283,2025-12-23 13:23:00,550-43-26429,누리금속,P-004,케이블 하네스,38,15000
1284,2025-12-23 16:01:00,929-76-42997,청솔설비,P-004,케이블 하네스,22,15000
1284,2025-12-23 16:01:00,929-76-42997,청솔설비,P-007,모터 드라이버,1,210000
1285,2025-12-23 13:23:00,933-45-84047,해든로보틱스,P-001,산업용 센서,30,45000
1285,2025-12-23 13:23:00,933-45-84047,해든로보틱스,P-003,M12 커넥터,63,8500
1285,2025-12-23 13:23:00,933-45-84047,해든로보틱스,P-005,PLC 모듈,7,380000
1286,2025-12-23 15:40:00,933-45-84047,해든로보틱스,P-001,산업용 센서,24,45000
1286,2025-12-23 15:40:00,933-45-84047,해든로보틱스,P-008,DIN 레일 전원공급장치,13,65000
1286,2025-12-23 15:40:00,933-45-84047,해든로보틱스,P-011,산업용 릴레이,58,12000
1287,2025-12-23 15:27:00,181-78-68910,한빛정밀,P-008,DIN 레일 전원공급장치,12,65000
1287,2025-12-23 15:27:00,181-78-68910,한빛정밀,P-002,근접 스위치,31,28000
1288,2025-12-23 11:58:00,181-78-68910,한빛정밀,P-011,산업용 릴레이,68,12000
1288,2025-12-23 11:58:00,181-78-68910,한빛정밀,P-002,근접 스위치,27,28000
1288,2025-12-23 11:58:00,181-78-68910,한빛정밀,P-003,M12 커넥터,75,8500
1289,2025-12-23 15:39:00,929-76-42997,청솔설비,P-011,산업용 릴레이,30,12000
1289,2025-12-23 15:39:00,929-76-42997,청솔설비,P-008,DIN 레일 전원공급장치,11,65000
1289,2025-12-23 15:39:00,929-76-42997,청솔설비,P-002,근접 스위치,14,28000
1289,2025-12-23 15:39:00,929-76-42997,청솔설비,P-004,케이블 하네스,25,15000
1290,2025-12-23 16:43:00,933-45-84047,해든로보틱스,P-001,산업용 센서,25,45000
1291,2025-12-23 13:16:00,969-90-43341,은하시스템,P-007,모터 드라이버,3,210000
1291,2025-12-23 13:16:00,969-90-43341,은하시스템,P-010,베어링 6204,105,6500
1291,2025-12-23 13:16:00,969-90-43341,은하시스템,P-003,M12 커넥터,65,8500
1292,2025-12-24 10:07:00,249-77-73046,푸른산업,P-003,M12 커넥터,141,8500
1293,2025-12-24 09:45:00,599-86-84485,가온반도체,P-001,산업용 센서,12,45000
1293,2025-12-24 09:45:00,599-86-84485,가온반도체,P-004,케이블 하네스,31,15000
1293,2025-12-24 09:45:00,599-86-84485,가온반도체,P-011,산업용 릴레이,59,12000
1294,2025-12-24 11:09:00,249-77-73046,푸른산업,P-011,산업용 릴레이,106,12000
1294,2025-12-24 11:09:00,249-77-73046,푸른산업,P-003,M12 커넥터,106,8500
1294,2025-12-24 11:09:00,249-77-73046,푸른산업,P-002,근접 스위치,66,28000
1295,2025-12-25 09:25:00,929-76-42997,청솔설비,P-004,케이블 하네스,26,15000
1295,2025-12-25 09:25:00,929-76-42997,청솔설비,P-006,서보 모터,1,520000
1296,2025-12-25 15:50:00,181-78-68910,한빛정밀,P-003,M12 커넥터,95,8500
1296,2025-12-25 15:50:00,181-78-68910,한빛정밀,P-010,베어링 6204,124,6500
1297,2025-12-25 11:51:00,249-77-73046,푸른산업,P-004,케이블 하네스,64,15000
1297,2025-12-25 11:51:00,249-77-73046,푸른산업,P-002,근접 스위치,58,28000
1298,2025-12-25 12:03:00,599-86-84485,가온반도체,P-003,M12 커넥터,62,8500
1298,2025-12-25 12:03:00,599-86-84485,가온반도체,P-002,근접 스위치,13,28000
1299,2025-12-25 14:17:00,784-55-21530,새봄전자,P-010,베어링 6204,34,6500
1300,2025-12-25 14:31:00,419-49-90380,동서기계,P-002,근접 스위치,19,28000
1300,2025-12-25 14:31:00,419-49-90380,동서기계,P-004,케이블 하네스,31,15000
1301,2025-12-25 12:37:00,181-78-68910,한빛정밀,P-011,산업용 릴레이,78,12000
1301,2025-12-25 12:37:00,181-78-68910,한빛정밀,P-004,케이블 하네스,66,15000
1301,2025-12-25 12:37:00,181-78-68910,한빛정밀,P-002,근접 스위치,36,28000
1302,2025-12-25 17:01:00,181-78-68910,한빛정밀,P-004,케이블 하네스,56,15000
1303,2025-12-25 13:33:00,815-26-51664,라온메카닉스,P-010,베어링 6204,43,6500
1303,2025-12-25 13:33:00,815-26-51664,라온메카닉스,P-001,산업용 센서,8,45000
1303,2025-12-25 13:33:00,815-26-51664,라온메카닉스,P-008,DIN 레일 전원공급장치,4,65000
1303,2025-12-25 13:33:00,815-26-51664,라온메카닉스,P-004,케이블 하네스,23,15000
1303,2025-12-25 13:33:00,815-26-51664,라온메카닉스,P-003,M12 커넥터,40,8500
1304,2025-12-26 11:01:00,550-43-26429,누리금속,P-004,케이블 하네스,44,15000
1304,2025-12-26 11:01:00,550-43-26429,누리금속,P-009,공압 실린더,10,78000
1305,2025-12-26 09:40:00,181-78-68910,한빛정밀,P-001,산업용 센서,38,45000
1306,2025-12-26 16:38:00,599-86-84485,가온반도체,P-001,산업용 센서,23,45000
1306,2025-12-26 16:38:00,599-86-84485,가온반도체,P-008,DIN 레일 전원공급장치,7,65000
1307,2025-12-26 11:33:00,249-77-73046,푸른산업,P-010,베어링 6204,154,6500
1307,2025-12-26 11:33:00,249-77-73046,푸른산업,P-008,DIN 레일 전원공급장치,19,65000
1308,2025-12-26 11:20:00,550-43-26429,누리금속,P-004,케이블 하네스,38,15000
1308,2025-12-26 11:20:00,550-43-26429,누리금속,P-002,근접 스위치,27,28000
1308,2025-12-26 11:20:00,550-43-26429,누리금속,P-008,DIN 레일 전원공급장치,14,65000
1309,2025-12-26 12:06:00,505-30-18292,우리엔지니어링,P-003,M12 커넥터,36,8500
1309,2025-12-26 12:06:00,505-30-18292,우리엔지니어링,P-004,케이블 하네스,18,15000
1310,2025-12-26 15:37:00,520-58-23885,온누리전기,P-002,근접 스위치,33,28000
1310,2025-12-26 15:37:00,520-58-23885,온누리전기,P-011,산업용 릴레이,52,12000
1311,2025-12-29 16:43:00,969-90-43341,은하시스템,P-002,근접 스위치,31,28000
1311,2025-12-29 16:43:00,969-90-43341,은하시스템,P-004,케이블 하네스,59,15000
1312,2025-12-29 11:16:00,419-49-90380,동서기계,P-003,M12 커넥터,48,8500
1313,2025-12-29 11:23:00,181-78-68910,한빛정밀,P-005,PLC 모듈,4,380000
1313,2025-12-29 11:23:00,181-78-68910,한빛정밀,P-010,베어링 6204,136,6500
1313,2025-12-29 11:23:00,181-78-68910,한빛정밀,P-008,DIN 레일 전원공급장치,14,65000
1313,2025-12-29 11:23:00,181-78-68910,한빛정밀,P-009,공압 실린더,8,78000
1314,2025-12-29 16:03:00,550-43-26429,누리금속,P-001,산업용 센서,18,45000
1315,2025-12-29 13:37:00,419-49-90380,동서기계,P-003,M12 커넥터,47,8500
1316,2025-12-29 14:03:00,784-55-21530,새봄전자,P-003,M12 커넥터,26,8500
1316,2025-12-29 14:03:00,784-55-21530,새봄전자,P-002,근접 스위치,19,28000
1316,2025-12-29 14:03:00,784-55-21530,새봄전자,P-009,공압 실린더,3,78000
1316,2025-12-29 14:03:00,784-55-21530,새봄전자,P-001,산업용 센서,11,45000
1317,2025-12-29 13:33:00,550-43-26429,누리금속,P-001,산업용 센서,23,45000
1317,2025-12-29 13:33:00,550-43-26429,누리금속,P-004,케이블 하네스,35,15000
1317,2025-12-29 13:33:00,550-43-26429,누리금속,P-010,베어링 6204,73,6500
1318,2025-12-29 14:45:00,933-45-84047,해든로보틱스,P-006,서보 모터,6,520000
1318,2025-12-29 14:45:00,933-45-84047,해든로보틱스,P-004,케이블 하네스,54,15000
1319,2025-12-29 10:06:00,929-76-42997,청솔설비,P-004,케이블 하네스,33,15000
1320,2025-12-29 09:13:00,933-45-84047,해든로보틱스,P-012,방열 팬 24V,33,9500
1320,2025-12-29 09:13:00,933-45-84047,해든로보틱스,P-002,근접 스위치,33,28000
1321,2025-12-30 10:33:00,573-96-76216,미래오토메이션,P-011,산업용 릴레이,38,12000
1321,2025-12-30 10:33:00,573-96-76216,미래오토메이션,P-004,케이블 하네스,32,15000
1322,2025-12-30 10:24:00,599-86-84485,가온반도체,P-004,케이블 하네스,31,15000
1322,2025-12-30 10:24:00,599-86-84485,가온반도체,P-002,근접 스위치,22,28000
1322,2025-12-30 10:24:00,599-86-84485,가온반도체,P-003,M12 커넥터,71,8500
1323,2025-12-30 12:31:00,599-86-84485,가온반도체,P-004,케이블 하네스,39,15000
1323,2025-12-30 12:31:00,599-86-84485,가온반도체,P-010,베어링 6204,79,6500
1324,2025-12-30 16:58:00,249-77-73046,푸른산업,P-001,산업용 센서,47,45000
1325,2025-12-30 16:51:00,933-45-84047,해든로보틱스,P-007,모터 드라이버,4,210000
1325,2025-12-30 16:51:00,933-45-84047,해든로보틱스,P-010,베어링 6204,107,6500
1325,2025-12-30 16:51:00,933-45-84047,해든로보틱스,P-011,산업용 릴레이,63,12000
1326,2025-12-31 10:46:00,815-26-51664,라온메카닉스,P-002,근접 스위치,14,28000
1327,2025-12-31 17:58:00,181-78-68910,한빛정밀,P-002,근접 스위치,40,28000
1328,2025-12-31 13:33:00,969-90-43341,은하시스템,P-011,산업용 릴레이,65,12000
1328,2025-12-31 13:33:00,969-90-43341,은하시스템,P-004,케이블 하네스,44,15000
1329,2026-01-01 11:25:00,249-77-73046,푸른산업,P-012,방열 팬 24V,59,9500
1329,2026-01-01 11:25:00,249-77-73046,푸른산업,P-011,산업용 릴레이,109,12000
1330,2026-01-01 11:17:00,573-96-76216,미래오토메이션,P-007,모터 드라이버,1,210000
1330,2026-01-01 11:17:00,573-96-76216,미래오토메이션,P-010,베어링 6204,56,6500
1331,2026-01-02 15:14:00,181-78-68910,한빛정밀,P-004,케이블 하네스,64,15000
1331,2026-01-02 15:14:00,181-78-68910,한빛정밀,P-011,산업용 릴레이,65,12000
1332,2026-01-02 15:07:00,815-26-51664,라온메카닉스,P-010,베어링 6204,40,6500
1332,2026-01-02 15:07:00,815-26-51664,라온메카닉스,P-004,케이블 하네스,23,15000
1333,2026-01-02 16:38:00,181-78-68910,한빛정밀,P-001,산업용 센서,29,45000
1333,2026-01-02 16:38:00,181-78-68910,한빛정밀,P-004,케이블 하네스,58,15000
1334,2026-01-02 09:20:00,573-96-76216,미래오토메이션,P-004,케이블 하네스,24,15000
1335,2026-01-03 11:03:00,784-55-21530,새봄전자,P-010,베어링 6204,45,6500
1336,2026-01-05 09:58:00,933-45-84047,해든로보틱스,P-004,케이블 하네스,52,15000
1337,2026-01-05 11:32:00,929-76-42997,청솔설비,P-002,근접 스위치,24,28000
1337,2026-01-05 11:32:00,929-76-42997,청솔설비,P-010,베어링 6204,56,6500
1338,2026-01-05 09:31:00,419-49-90380,동서기계,P-011,산업용 릴레이,34,12000
1338,2026-01-05 09:31:00,419-49-90380,동서기계,P-003,M12 커넥터,57,8500
1339,2026-01-05 10:28:00,969-90-43341,은하시스템,P-010,베어링 6204,109,6500
1339,2026-01-05 10:28:00,969-90-43341,은하시스템,P-005,PLC 모듈,4,380000
1339,2026-01-05 10:28:00,969-90-43341,은하시스템,P-009,공압 실린더,9,78000
1340,2026-01-05 17:32:00,783-27-42751,다온테크,P-003,M12 커넥터,69,8500
1340,2026-01-05 17:32:00,783-27-42751,다온테크,P-001,산업용 센서,21,45000
1340,2026-01-05 17:32:00,783-27-42751,다온테크,P-004,케이블 하네스,44,15000
1340,2026-01-05 17:32:00,783-27-42751,다온테크,P-007,모터 드라이버,3,210000
1341,2026-01-06 16:47:00,929-76-42997,청솔설비,P-001,산업용 센서,15,45000
1342,2026-01-06 14:46:00,933-45-84047,해든로보틱스,P-002,근접 스위치,35,28000
1342,2026-01-06 14:46:00,933-45-84047,해든로보틱스,P-003,M12 커넥터,71,8500
1342,2026-01-06 14:46:00,933-45-84047,해든로보틱스,P-010,베어링 6204,106,6500
1343,2026-01-06 12:22:00,783-27-42751,다온테크,P-011,산업용 릴레이,63,12000
1343,2026-01-06 12:22:00,783-27-42751,다온테크,P-010,베어링 6204,93,6500
1343,2026-01-06 12:22:00,783-27-42751,다온테크,P-008,DIN 레일 전원공급장치,14,65000
1344,2026-01-06 09:50:00,969-90-43341,은하시스템,P-010,베어링 6204,116,6500
1344,2026-01-06 09:50:00,969-90-43341,은하시스템,P-003,M12 커넥터,90,8500
1344,2026-01-06 09:50:00,969-90-43341,은하시스템,P-001,산업용 센서,32,45000
1344,2026-01-06 09:50:00,969-90-43341,은하시스템,P-012,방열 팬 24V,49,9500
1345,2026-01-06 10:48:00,520-58-23885,온누리전기,P-002,근접 스위치,22,28000
1346,2026-01-07 15:22:00,181-78-68910,한빛정밀,P-003,M12 커넥터,98,8500
1346,2026-01-07 15:22:00,181-78-68910,한빛정밀,P-001,산업용 센서,24,45000
1347,2026-01-07 15:30:00,550-43-26429,누리금속,P-002,근접 스위치,19,28000
1347,2026-01-07 15:30:00,550-43-26429,누리금속,P-010,베어링 6204,78,6500
1348,2026-01-07 16:45:00,181-78-68910,한빛정밀,P-003,M12 커넥터,112,8500
1348,2026-01-07 16:45:00,181-78-68910,한빛정밀,P-004,케이블 하네스,51,15000
1348,2026-01-07 16:45:00,181-78-68910,한빛정밀,P-008,DIN 레일 전원공급장치,19,65000
1348,2026-01-07 16:45:00,181-78-68910,한빛정밀,P-010,베어링 6204,151,6500
1348,2026-01-07 16:45:00,181-78-68910,한빛정밀,P-001,산업용 센서,37,45000
1348,2026-01-07 16:45:00,181-78-68910,한빛정밀,P-011,산업용 릴레이,77,12000
1349,2026-01-07 16:03:00,249-77-73046,푸른산업,P-011,산업용 릴레이,106,12000
1349,2026-01-07 16:03:00,249-77-73046,푸른산업,P-004,케이블 하네스,63,15000
1350,2026-01-07 09:37:00,495-17-72762,대성기계,P-010,베어링 6204,16,6500
1350,2026-01-07 09:37:00,495-17-72762,대성기계,P-001,산업용 센서,4,45000
1351,2026-01-07 09:55:00,599-86-84485,가온반도체,P-001,산업용 센서,25,45000
1351,2026-01-07 09:55:00,599-86-84485,가온반도체,P-003,M12 커넥터,55,8500
1351,2026-01-07 09:55:00,599-86-84485,가온반도체,P-011,산업용 릴레이,43,12000
1352,2026-01-07 10:53:00,933-45-84047,해든로보틱스,P-012,방열 팬 24V,34,9500
1352,2026-01-07 10:53:00,933-45-84047,해든로보틱스,P-003,M12 커넥터,78,8500
1353,2026-01-07 11:27:00,969-90-43341,은하시스템,P-003,M12 커넥터,71,8500
1353,2026-01-07 11:27:00,969-90-43341,은하시스템,P-010,베어링 6204,112,6500
1354,2026-01-07 14:21:00,815-26-51664,라온메카닉스,P-002,근접 스위치,15,28000
1355,2026-01-08 09:08:00,969-90-43341,은하시스템,P-010,베어링 6204,125,6500
1355,2026-01-08 09:08:00,969-90-43341,은하시스템,P-004,케이블 하네스,52,15000
1356,2026-01-08 10:28:00,181-78-68910,한빛정밀,P-005,PLC 모듈,2,380000
1356,2026-01-08 10:28:00,181-78-68910,한빛정밀,P-003,M12 커넥터,87,8500
1356,2026-01-08 10:28:00,181-78-68910,한빛정밀,P-012,방열 팬 24V,49,9500
1356,2026-01-08 10:28:00,181-78-68910,한빛정밀,P-008,DIN 레일 전원공급장치,13,65000
1357,2026-01-08 12:20:00,573-96-76216,미래오토메이션,P-002,근접 스위치,16,28000
1357,2026-01-08 12:20:00,573-96-76216,미래오토메이션,P-011,산업용 릴레이,33,12000
1357,2026-01-08 12:20:00,573-96-76216,미래오토메이션,P-008,DIN 레일 전원공급장치,14,65000
1358,2026-01-08 15:04:00,249-77-73046,푸른산업,P-010,베어링 6204,655,6500
1358,2026-01-08 15:04:00,249-77-73046,푸른산업,P-007,모터 드라이버,33,210000
1359,2026-01-08 11:10:00,249-77-73046,푸른산업,P-011,산업용 릴레이,81,12000
1359,2026-01-08 11:10:00,249-77-73046,푸른산업,P-004,케이블 하네스,79,15000
1360,2026-01-09 14:55:00,419-49-90380,동서기계,P-004,케이블 하네스,32,15000
1361,2026-01-09 14:37:00,933-45-84047,해든로보틱스,P-008,DIN 레일 전원공급장치,12,65000
1361,2026-01-09 14:37:00,933-45-84047,해든로보틱스,P-010,베어링 6204,101,6500
1361,2026-01-09 14:37:00,933-45-84047,해든로보틱스,P-001,산업용 센서,18,45000
1362,2026-01-12 12:49:00,249-77-73046,푸른산업,P-004,케이블 하네스,94,15000
1363,2026-01-12 11:44:00,933-45-84047,해든로보틱스,P-002,근접 스위치,38,28000
1364,2026-01-12 14:46:00,599-86-84485,가온반도체,P-004,케이블 하네스,32,15000
1365,2026-01-12 15:56:00,969-90-43341,은하시스템,P-003,M12 커넥터,87,8500
1365,2026-01-12 15:56:00,969-90-43341,은하시스템,P-005,PLC 모듈,4,380000
1365,2026-01-12 15:56:00,969-90-43341,은하시스템,P-004,케이블 하네스,55,15000
1365,2026-01-12 15:56:00,969-90-43341,은하시스템,P-011,산업용 릴레이,55,12000
1366,2026-01-12 11:57:00,969-90-43341,은하시스템,P-004,케이블 하네스,52,15000
1366,2026-01-12 11:57:00,969-90-43341,은하시스템,P-011,산업용 릴레이,83,12000
1367,2026-01-12 15:35:00,929-76-42997,청솔설비,P-001,산업용 센서,15,45000
1368,2026-01-13 09:24:00,929-76-42997,청솔설비,P-001,산업용 센서,16,45000
1368,2026-01-13 09:24:00,929-76-42997,청솔설비,P-010,베어링 6204,69,6500
1369,2026-01-13 10:09:00,969-90-43341,은하시스템,P-012,방열 팬 24V,40,9500
1369,2026-01-13 10:09:00,969-90-43341,은하시스템,P-008,DIN 레일 전원공급장치,16,65000
1369,2026-01-13 10:09:00,969-90-43341,은하시스템,P-009,공압 실린더,16,78000
1370,2026-01-13 11:30:00,784-55-21530,새봄전자,P-003,M12 커넥터,35,8500
1370,2026-01-13 11:30:00,784-55-21530,새봄전자,P-010,베어링 6204,32,6500
1370,2026-01-13 11:30:00,784-55-21530,새봄전자,P-001,산업용 센서,17,45000
1370,2026-01-13 11:30:00,784-55-21530,새봄전자,P-008,DIN 레일 전원공급장치,9,65000
1371,2026-01-13 09:58:00,550-43-26429,누리금속,P-010,베어링 6204,87,6500
1372,2026-01-13 13:22:00,815-26-51664,라온메카닉스,P-010,베어링 6204,54,6500
1372,2026-01-13 13:22:00,815-26-51664,라온메카닉스,P-011,산업용 릴레이,22,12000
1372,2026-01-13 13:22:00,815-26-51664,라온메카닉스,P-008,DIN 레일 전원공급장치,11,65000
1373,2026-01-13 17:52:00,929-76-42997,청솔설비,P-010,베어링 6204,44,6500
1374,2026-01-13 15:30:00,249-77-73046,푸른산업,P-002,근접 스위치,55,28000
1374,2026-01-13 15:30:00,249-77-73046,푸른산업,P-003,M12 커넥터,129,8500
1375,2026-01-13 15:27:00,573-96-76216,미래오토메이션,P-004,케이블 하네스,29,15000
1375,2026-01-13 15:27:00,573-96-76216,미래오토메이션,P-010,베어링 6204,68,6500
1376,2026-01-14 12:16:00,933-45-84047,해든로보틱스,P-006,서보 모터,3,520000
1377,2026-01-14 12:57:00,815-26-51664,라온메카닉스,P-002,근접 스위치,16,28000
1377,2026-01-14 12:57:00,815-26-51664,라온메카닉스,P-001,산업용 센서,12,45000
1378,2026-01-14 16:28:00,181-78-68910,한빛정밀,P-010,베어링 6204,107,6500
1378,2026-01-14 16:28:00,181-78-68910,한빛정밀,P-001,산업용 센서,24,45000
1378,2026-01-14 16:28:00,181-78-68910,한빛정밀,P-002,근접 스위치,40,28000
1378,2026-01-14 16:28:00,181-78-68910,한빛정밀,P-008,DIN 레일 전원공급장치,18,65000
1379,2026-01-14 14:12:00,550-43-26429,누리금속,P-002,근접 스위치,26,28000
1379,2026-01-14 14:12:00,550-43-26429,누리금속,P-001,산업용 센서,14,45000
1379,2026-01-14 14:12:00,550-43-26429,누리금속,P-011,산업용 릴레이,51,12000
1379,2026-01-14 14:12:00,550-43-26429,누리금속,P-012,방열 팬 24V,37,9500
1380,2026-01-15 11:46:00,815-26-51664,라온메카닉스,P-004,케이블 하네스,20,15000
1381,2026-01-15 10:38:00,520-58-23885,온누리전기,P-004,케이블 하네스,46,15000
1381,2026-01-15 10:38:00,520-58-23885,온누리전기,P-001,산업용 센서,20,45000
1382,2026-01-15 16:43:00,969-90-43341,은하시스템,P-012,방열 팬 24V,38,9500
1383,2026-01-15 16:05:00,249-77-73046,푸른산업,P-003,M12 커넥터,134,8500
1384,2026-01-15 11:37:00,573-96-76216,미래오토메이션,P-002,근접 스위치,18,28000
1384,2026-01-15 11:37:00,573-96-76216,미래오토메이션,P-001,산업용 센서,14,45000
1385,2026-01-15 14:30:00,181-78-68910,한빛정밀,P-005,PLC 모듈,1,380000
1385,2026-01-15 14:30:00,181-78-68910,한빛정밀,P-001,산업용 센서,24,45000
1386,2026-01-16 13:36:00,505-30-18292,우리엔지니어링,P-004,케이블 하네스,36,15000
1387,2026-01-16 16:40:00,933-45-84047,해든로보틱스,P-009,공압 실린더,11,78000
1388,2026-01-16 15:36:00,783-27-42751,다온테크,P-003,M12 커넥터,60,8500
1388,2026-01-16 15:36:00,783-27-42751,다온테크,P-012,방열 팬 24V,38,9500
1389,2026-01-16 12:45:00,520-58-23885,온누리전기,P-006,서보 모터,4,520000
1389,2026-01-16 12:45:00,520-58-23885,온누리전기,P-001,산업용 센서,27,45000
1389,2026-01-16 12:45:00,520-58-23885,온누리전기,P-004,케이블 하네스,36,15000
1389,2026-01-16 12:45:00,520-58-23885,온누리전기,P-010,베어링 6204,112,6500
1390,2026-01-16 14:42:00,815-26-51664,라온메카닉스,P-011,산업용 릴레이,23,12000
1390,2026-01-16 14:42:00,815-26-51664,라온메카닉스,P-010,베어링 6204,59,6500
1391,2026-01-19 17:27:00,933-45-84047,해든로보틱스,P-003,M12 커넥터,74,8500
1392,2026-01-19 17:34:00,550-43-26429,누리금속,P-005,PLC 모듈,1,380000
1392,2026-01-19 17:34:00,550-43-26429,누리금속,P-011,산업용 릴레이,32,12000
1393,2026-01-19 09:39:00,520-58-23885,온누리전기,P-001,산업용 센서,21,45000
1393,2026-01-19 09:39:00,520-58-23885,온누리전기,P-003,M12 커넥터,65,8500
1393,2026-01-19 09:39:00,520-58-23885,온누리전기,P-011,산업용 릴레이,45,12000
1394,2026-01-20 14:06:00,784-55-21530,새봄전자,P-006,서보 모터,1,520000
1395,2026-01-20 16:41:00,249-77-73046,푸른산업,P-003,M12 커넥터,101,8500
1396,2026-01-20 16:03:00,419-49-90380,동서기계,P-004,케이블 하네스,25,15000
1396,2026-01-20 16:03:00,419-49-90380,동서기계,P-008,DIN 레일 전원공급장치,8,65000
1396,2026-01-20 16:03:00,419-49-90380,동서기계,P-001,산업용 센서,14,45000
1397,2026-01-20 14:28:00,573-96-76216,미래오토메이션,P-001,산업용 센서,14,45000
1397,2026-01-20 14:28:00,573-96-76216,미래오토메이션,P-003,M12 커넥터,44,8500
1398,2026-01-20 12:58:00,249-77-73046,푸른산업,P-003,M12 커넥터,129,8500
1399,2026-01-21 09:09:00,784-55-21530,새봄전자,P-001,산업용 센서,13,45000
1400,2026-01-21 13:23:00,933-45-84047,해든로보틱스,P-003,M12 커넥터,79,8500
1400,2026-01-21 13:23:00,933-45-84047,해든로보틱스,P-001,산업용 센서,27,45000
1400,2026-01-21 13:23:00,933-45-84047,해든로보틱스,P-004,케이블 하네스,55,15000
1400,2026-01-21 13:23:00,933-45-84047,해든로보틱스,P-002,근접 스위치,32,28000
1400,2026-01-21 13:23:00,933-45-84047,해든로보틱스,P-012,방열 팬 24V,37,9500
1401,2026-01-21 15:47:00,599-86-84485,가온반도체,P-003,M12 커넥터,60,8500
1401,2026-01-21 15:47:00,599-86-84485,가온반도체,P-001,산업용 센서,22,45000
1401,2026-01-21 15:47:00,599-86-84485,가온반도체,P-009,공압 실린더,7,78000
1402,2026-01-21 12:06:00,520-58-23885,온누리전기,P-004,케이블 하네스,51,15000
1403,2026-01-22 12:04:00,181-78-68910,한빛정밀,P-010,베어링 6204,114,6500
1403,2026-01-22 12:04:00,181-78-68910,한빛정밀,P-003,M12 커넥터,93,8500
1404,2026-01-22 11:22:00,599-86-84485,가온반도체,P-006,서보 모터,1,520000
1404,2026-01-22 11:22:00,599-86-84485,가온반도체,P-001,산업용 센서,19,45000
1405,2026-01-22 10:13:00,599-86-84485,가온반도체,P-003,M12 커넥터,60,8500
1405,2026-01-22 10:13:00,599-86-84485,가온반도체,P-001,산업용 센서,14,45000
1405,2026-01-22 10:13:00,599-86-84485,가온반도체,P-009,공압 실린더,11,78000
1405,2026-01-22 10:13:00,599-86-84485,가온반도체,P-011,산업용 릴레이,47,12000
1406,2026-01-22 13:05:00,573-96-76216,미래오토메이션,P-009,공압 실린더,4,78000
1407,2026-01-23 16:04:00,783-27-42751,다온테크,P-008,DIN 레일 전원공급장치,9,65000
1408,2026-01-23 09:27:00,929-76-42997,청솔설비,P-012,방열 팬 24V,26,9500
1408,2026-01-23 09:27:00,929-76-42997,청솔설비,P-003,M12 커넥터,37,8500
1409,2026-01-23 09:50:00,573-96-76216,미래오토메이션,P-009,공압 실린더,9,78000
1409,2026-01-23 09:50:00,573-96-76216,미래오토메이션,P-011,산업용 릴레이,42,12000
1410,2026-01-25 13:36:00,784-55-21530,새봄전자,P-002,근접 스위치,14,28000
1410,2026-01-25 13:36:00,784-55-21530,새봄전자,P-004,케이블 하네스,22,15000
1410,2026-01-25 13:36:00,784-55-21530,새봄전자,P-012,방열 팬 24V,15,9500
1411,2026-01-26 14:46:00,249-77-73046,푸른산업,P-004,케이블 하네스,77,15000
1411,2026-01-26 14:46:00,249-77-73046,푸른산업,P-003,M12 커넥터,111,8500
1411,2026-01-26 14:46:00,249-77-73046,푸른산업,P-008,DIN 레일 전원공급장치,23,65000
1412,2026-01-26 11:38:00,933-45-84047,해든로보틱스,P-004,케이블 하네스,55,15000
1412,2026-01-26 11:38:00,933-45-84047,해든로보틱스,P-010,베어링 6204,96,6500
1413,2026-01-26 10:55:00,784-55-21530,새봄전자,P-008,DIN 레일 전원공급장치,7,65000
1414,2026-01-26 17:18:00,181-78-68910,한빛정밀,P-010,베어링 6204,127,6500
1414,2026-01-26 17:18:00,181-78-68910,한빛정밀,P-012,방열 팬 24V,45,9500
1415,2026-01-26 10:31:00,573-96-76216,미래오토메이션,P-011,산업용 릴레이,41,12000
1415,2026-01-26 10:31:00,573-96-76216,미래오토메이션,P-009,공압 실린더,2,78000
1416,2026-01-26 13:17:00,505-30-18292,우리엔지니어링,P-003,M12 커넥터,43,8500
1416,2026-01-26 13:17:00,505-30-18292,우리엔지니어링,P-004,케이블 하네스,20,15000
1417,2026-01-26 10:52:00,929-76-42997,청솔설비,P-011,산업용 릴레이,31,12000
1417,2026-01-26 10:52:00,929-76-42997,청솔설비,P-010,베어링 6204,62,6500
1418,2026-01-26 11:00:00,520-58-23885,온누리전기,P-003,M12 커넥터,70,8500
1419,2026-01-26 15:59:00,249-77-73046,푸른산업,P-002,근접 스위치,59,28000
1419,2026-01-26 15:59:00,249-77-73046,푸른산업,P-010,베어링 6204,179,6500
1419,2026-01-26 15:59:00,249-77-73046,푸른산업,P-003,M12 커넥터,124,8500
1420,2026-01-26 15:00:00,520-58-23885,온누리전기,P-003,M12 커넥터,87,8500
1420,2026-01-26 15:00:00,520-58-23885,온누리전기,P-010,베어링 6204,93,6500
1421,2026-01-26 09:27:00,815-26-51664,라온메카닉스,P-009,공압 실린더,2,78000
1422,2026-01-26 09:39:00,249-77-73046,푸른산업,P-011,산업용 릴레이,115,12000
1422,2026-01-26 09:39:00,249-77-73046,푸른산업,P-003,M12 커넥터,96,8500
1423,2026-01-26 12:53:00,520-58-23885,온누리전기,P-002,근접 스위치,25,28000
1424,2026-01-26 14:38:00,419-49-90380,동서기계,P-003,M12 커넥터,44,8500
1425,2026-01-27 15:00:00,181-78-68910,한빛정밀,P-012,방열 팬 24V,31,9500
1426,2026-01-27 13:30:00,573-96-76216,미래오토메이션,P-010,베어링 6204,79,6500
1426,2026-01-27 13:30:00,573-96-76216,미래오토메이션,P-011,산업용 릴레이,35,12000
1427,2026-01-27 10:57:00,249-77-73046,푸른산업,P-011,산업용 릴레이,84,12000
1427,2026-01-27 10:57:00,249-77-73046,푸른산업,P-002,근접 스위치,48,28000
1428,2026-01-27 09:41:00,969-90-43341,은하시스템,P-004,케이블 하네스,55,15000
1429,2026-01-28 10:11:00,520-58-23885,온누리전기,P-004,케이블 하네스,49,15000
1429,2026-01-28 10:11:00,520-58-23885,온누리전기,P-002,근접 스위치,27,28000
1429,2026-01-28 10:11:00,520-58-23885,온누리전기,P-001,산업용 센서,17,45000
1429,2026-01-28 10:11:00,520-58-23885,온누리전기,P-012,방열 팬 24V,33,9500
1429,2026-01-28 10:11:00,520-58-23885,온누리전기,P-011,산업용 릴레이,69,12000
1429,2026-01-28 10:11:00,520-58-23885,온누리전기,P-003,M12 커넥터,87,8500
1430,2026-01-28 12:32:00,181-78-68910,한빛정밀,P-004,케이블 하네스,51,15000
1430,2026-01-28 12:32:00,181-78-68910,한빛정밀,P-001,산업용 센서,37,45000
1431,2026-01-28 09:00:00,520-58-23885,온누리전기,P-001,산업용 센서,27,45000
1432,2026-01-28 11:22:00,783-27-42751,다온테크,P-011,산업용 릴레이,55,12000
1432,2026-01-28 11:22:00,783-27-42751,다온테크,P-007,모터 드라이버,3,210000
1433,2026-01-28 10:42:00,784-55-21530,새봄전자,P-001,산업용 센서,10,45000
1433,2026-01-28 10:42:00,784-55-21530,새봄전자,P-002,근접 스위치,15,28000
1434,2026-01-28 16:55:00,249-77-73046,푸른산업,P-011,산업용 릴레이,101,12000
1434,2026-01-28 16:55:00,249-77-73046,푸른산업,P-001,산업용 센서,48,45000
1434,2026-01-28 16:55:00,249-77-73046,푸른산업,P-002,근접 스위치,47,28000
1434,2026-01-28 16:55:00,249-77-73046,푸른산업,P-010,베어링 6204,160,6500
1435,2026-01-28 12:02:00,599-86-84485,가온반도체,P-004,케이블 하네스,39,15000
1435,2026-01-28 12:02:00,599-86-84485,가온반도체,P-008,DIN 레일 전원공급장치,11,65000
1436,2026-01-28 10:43:00,573-96-76216,미래오토메이션,P-008,DIN 레일 전원공급장치,7,65000
1436,2026-01-28 10:43:00,573-96-76216,미래오토메이션,P-012,방열 팬 24V,26,9500
1436,2026-01-28 10:43:00,573-96-76216,미래오토메이션,P-001,산업용 센서,21,45000
1437,2026-01-28 12:21:00,505-30-18292,우리엔지니어링,P-001,산업용 센서,14,45000
1437,2026-01-28 12:21:00,505-30-18292,우리엔지니어링,P-003,M12 커넥터,39,8500
1438,2026-01-29 13:54:00,520-58-23885,온누리전기,P-003,M12 커넥터,276,8500
1438,2026-01-29 13:54:00,520-58-23885,온누리전기,P-001,산업용 센서,104,45000
1439,2026-01-29 14:46:00,783-27-42751,다온테크,P-002,근접 스위치,39,28000
1440,2026-01-29 13:50:00,520-58-23885,온누리전기,P-001,산업용 센서,22,45000
1440,2026-01-29 13:50:00,520-58-23885,온누리전기,P-007,모터 드라이버,6,210000
1440,2026-01-29 13:50:00,520-58-23885,온누리전기,P-011,산업용 릴레이,60,12000
1441,2026-01-29 09:03:00,933-45-84047,해든로보틱스,P-003,M12 커넥터,81,8500
1441,2026-01-29 09:03:00,933-45-84047,해든로보틱스,P-008,DIN 레일 전원공급장치,12,65000
1442,2026-01-30 13:58:00,249-77-73046,푸른산업,P-003,M12 커넥터,122,8500
1443,2026-01-30 10:01:00,520-58-23885,온누리전기,P-010,베어링 6204,86,6500
1443,2026-01-30 10:01:00,520-58-23885,온누리전기,P-002,근접 스위치,26,28000
1443,2026-01-30 10:01:00,520-58-23885,온누리전기,P-003,M12 커넥터,67,8500
1444,2026-01-30 16:01:00,783-27-42751,다온테크,P-006,서보 모터,4,520000
1444,2026-01-30 16:01:00,783-27-42751,다온테크,P-005,PLC 모듈,3,380000
1444,2026-01-30 16:01:00,783-27-42751,다온테크,P-001,산업용 센서,32,45000
1445,2026-01-30 17:30:00,783-27-42751,다온테크,P-001,산업용 센서,27,45000
1445,2026-01-30 17:30:00,783-27-42751,다온테크,P-002,근접 스위치,23,28000
1446,2026-01-30 17:47:00,933-45-84047,해든로보틱스,P-001,산업용 센서,34,45000
1447,2026-01-30 11:05:00,249-77-73046,푸른산업,P-001,산업용 센서,44,45000
1447,2026-01-30 11:05:00,249-77-73046,푸른산업,P-008,DIN 레일 전원공급장치,19,65000
1448,2026-01-30 11:08:00,249-77-73046,푸른산업,P-003,M12 커넥터,106,8500
1449,2026-01-30 11:52:00,505-30-18292,우리엔지니어링,P-008,DIN 레일 전원공급장치,4,65000
1449,2026-01-30 11:52:00,505-30-18292,우리엔지니어링,P-003,M12 커넥터,33,8500
1449,2026-01-30 11:52:00,505-30-18292,우리엔지니어링,P-001,산업용 센서,9,45000
1449,2026-01-30 11:52:00,505-30-18292,우리엔지니어링,P-004,케이블 하네스,20,15000
1449,2026-01-30 11:52:00,505-30-18292,우리엔지니어링,P-002,근접 스위치,15,28000
1450,2026-01-31 14:02:00,550-43-26429,누리금속,P-004,케이블 하네스,45,15000
1450,2026-01-31 14:02:00,550-43-26429,누리금속,P-003,M12 커넥터,65,8500
1450,2026-01-31 14:02:00,550-43-26429,누리금속,P-002,근접 스위치,26,28000
1450,2026-01-31 14:02:00,550-43-26429,누리금속,P-012,방열 팬 24V,26,9500
1451,2026-01-31 14:56:00,249-77-73046,푸른산업,P-010,베어링 6204,181,6500
1451,2026-01-31 14:56:00,249-77-73046,푸른산업,P-008,DIN 레일 전원공급장치,33,65000
1452,2026-01-31 13:53:00,783-27-42751,다온테크,P-005,PLC 모듈,3,380000
1452,2026-01-31 13:53:00,783-27-42751,다온테크,P-003,M12 커넥터,59,8500
1453,2026-02-02 14:42:00,784-55-21530,새봄전자,P-010,베어링 6204,159,6500
1453,2026-02-02 14:42:00,784-55-21530,새봄전자,P-003,M12 커넥터,131,8500
1453,2026-02-02 14:42:00,784-55-21530,새봄전자,P-008,DIN 레일 전원공급장치,24,65000
1453,2026-02-02 14:42:00,784-55-21530,새봄전자,P-007,모터 드라이버,12,210000
1453,2026-02-02 14:42:00,784-55-21530,새봄전자,P-001,산업용 센서,44,45000
1454,2026-02-02 16:31:00,249-77-73046,푸른산업,P-001,산업용 센서,50,45000
1454,2026-02-02 16:31:00,249-77-73046,푸른산업,P-004,케이블 하네스,73,15000
1454,2026-02-02 16:31:00,249-77-73046,푸른산업,P-007,모터 드라이버,3,210000
1454,2026-02-02 16:31:00,249-77-73046,푸른산업,P-002,근접 스위치,64,28000
1455,2026-02-02 09:01:00,181-78-68910,한빛정밀,P-012,방열 팬 24V,43,9500
1456,2026-02-02 10:24:00,933-45-84047,해든로보틱스,P-003,M12 커넥터,88,8500
1456,2026-02-02 10:24:00,933-45-84047,해든로보틱스,P-001,산업용 센서,27,45000
1457,2026-02-02 13:26:00,181-78-68910,한빛정밀,P-001,산업용 센서,36,45000
1458,2026-02-02 10:31:00,599-86-84485,가온반도체,P-003,M12 커넥터,64,8500
1458,2026-02-02 10:31:00,599-86-84485,가온반도체,P-004,케이블 하네스,44,15000
1458,2026-02-02 10:31:00,599-86-84485,가온반도체,P-010,베어링 6204,79,6500
1459,2026-02-02 17:10:00,550-43-26429,누리금속,P-003,M12 커넥터,62,8500
1460,2026-02-02 15:29:00,783-27-42751,다온테크,P-004,케이블 하네스,43,15000
1461,2026-02-03 15:21:00,419-49-90380,동서기계,P-001,산업용 센서,17,45000
1461,2026-02-03 15:21:00,419-49-90380,동서기계,P-012,방열 팬 24V,21,9500
1462,2026-02-03 09:53:00,419-49-90380,동서기계,P-012,방열 팬 24V,22,9500
1462,2026-02-03 09:53:00,419-49-90380,동서기계,P-011,산업용 릴레이,34,12000
1463,2026-02-03 11:25:00,573-96-76216,미래오토메이션,P-009,공압 실린더,7,78000
1463,2026-02-03 11:25:00,573-96-76216,미래오토메이션,P-001,산업용 센서,14,45000
1464,2026-02-03 14:21:00,249-77-73046,푸른산업,P-010,베어링 6204,166,6500
1464,2026-02-03 14:21:00,249-77-73046,푸른산업,P-011,산업용 릴레이,104,12000
1464,2026-02-03 14:21:00,249-77-73046,푸른산업,P-012,방열 팬 24V,76,9500
1464,2026-02-03 14:21:00,249-77-73046,푸른산업,P-001,산업용 센서,45,45000
1465,2026-02-04 15:50:00,181-78-68910,한빛정밀,P-012,방열 팬 24V,42,9500
1466,2026-02-04 12:50:00,783-27-42751,다온테크,P-003,M12 커넥터,63,8500
1466,2026-02-04 12:50:00,783-27-42751,다온테크,P-002,근접 스위치,31,28000
1467,2026-02-04 12:41:00,249-77-73046,푸른산업,P-011,산업용 릴레이,105,12000
1467,2026-02-04 12:41:00,249-77-73046,푸른산업,P-009,공압 실린더,17,78000
1467,2026-02-04 12:41:00,249-77-73046,푸른산업,P-003,M12 커넥터,110,8500
1468,2026-02-04 13:34:00,520-58-23885,온누리전기,P-009,공압 실린더,10,78000
1468,2026-02-04 13:34:00,520-58-23885,온누리전기,P-010,베어링 6204,106,6500
1468,2026-02-04 13:34:00,520-58-23885,온누리전기,P-002,근접 스위치,28,28000
1468,2026-02-04 13:34:00,520-58-23885,온누리전기,P-001,산업용 센서,20,45000
1469,2026-02-04 13:46:00,520-58-23885,온누리전기,P-004,케이블 하네스,46,15000
1469,2026-02-04 13:46:00,520-58-23885,온누리전기,P-011,산업용 릴레이,71,12000
1470,2026-02-05 14:18:00,969-90-43341,은하시스템,P-011,산업용 릴레이,53,12000
1470,2026-02-05 14:18:00,969-90-43341,은하시스템,P-010,베어링 6204,117,6500
1471,2026-02-05 13:40:00,929-76-42997,청솔설비,P-002,근접 스위치,16,28000
1471,2026-02-05 13:40:00,929-76-42997,청솔설비,P-010,베어링 6204,60,6500
1472,2026-02-05 12:09:00,181-78-68910,한빛정밀,P-001,산업용 센서,23,45000
1473,2026-02-05 15:51:00,933-45-84047,해든로보틱스,P-010,베어링 6204,109,6500
1474,2026-02-05 10:37:00,419-49-90380,동서기계,P-011,산업용 릴레이,37,12000
1474,2026-02-05 10:37:00,419-49-90380,동서기계,P-004,케이블 하네스,35,15000
1475,2026-02-05 17:10:00,505-30-18292,우리엔지니어링,P-003,M12 커넥터,30,8500
1476,2026-02-05 12:50:00,815-26-51664,라온메카닉스,P-001,산업용 센서,14,45000
1476,2026-02-05 12:50:00,815-26-51664,라온메카닉스,P-004,케이블 하네스,20,15000
1477,2026-02-05 16:35:00,969-90-43341,은하시스템,P-003,M12 커넥터,84,8500
1477,2026-02-05 16:35:00,969-90-43341,은하시스템,P-011,산업용 릴레이,83,12000
1478,2026-02-05 10:29:00,969-90-43341,은하시스템,P-003,M12 커넥터,80,8500
1479,2026-02-05 11:33:00,573-96-76216,미래오토메이션,P-001,산업용 센서,17,45000
1480,2026-02-06 11:43:00,969-90-43341,은하시스템,P-001,산업용 센서,25,45000
1480,2026-02-06 11:43:00,969-90-43341,은하시스템,P-002,근접 스위치,36,28000
1481,2026-02-06 15:17:00,573-96-76216,미래오토메이션,P-012,방열 팬 24V,22,9500
1482,2026-02-06 13:36:00,969-90-43341,은하시스템,P-001,산업용 센서,29,45000
1483,2026-02-06 12:28:00,550-43-26429,누리금속,P-001,산업용 센서,27,45000
1484,2026-02-06 09:38:00,815-26-51664,라온메카닉스,P-003,M12 커넥터,144,8500
1484,2026-02-06 09:38:00,815-26-51664,라온메카닉스,P-004,케이블 하네스,102,15000
1484,2026-02-06 09:38:00,815-26-51664,라온메카닉스,P-005,PLC 모듈,7,380000
1485,2026-02-09 11:59:00,929-76-42997,청솔설비,P-001,산업용 센서,18,45000
1485,2026-02-09 11:59:00,929-76-42997,청솔설비,P-003,M12 커넥터,35,8500
1485,2026-02-09 11:59:00,929-76-42997,청솔설비,P-005,PLC 모듈,3,380000
1486,2026-02-09 17:20:00,550-43-26429,누리금속,P-008,DIN 레일 전원공급장치,12,65000
1486,2026-02-09 17:20:00,550-43-26429,누리금속,P-012,방열 팬 24V,22,9500
1487,2026-02-09 13:32:00,249-77-73046,푸른산업,P-011,산업용 릴레이,91,12000
1488,2026-02-09 13:16:00,784-55-21530,새봄전자,P-004,케이블 하네스,23,15000
1488,2026-02-09 13:16:00,784-55-21530,새봄전자,P-003,M12 커넥터,34,8500
1489,2026-02-09 14:31:00,969-90-43341,은하시스템,P-010,베어링 6204,121,6500
1489,2026-02-09 14:31:00,969-90-43341,은하시스템,P-002,근접 스위치,35,28000
1489,2026-02-09 14:31:00,969-90-43341,은하시스템,P-001,산업용 센서,32,45000
1490,2026-02-09 13:22:00,249-77-73046,푸른산업,P-008,DIN 레일 전원공급장치,26,65000
1490,2026-02-09 13:22:00,249-77-73046,푸른산업,P-005,PLC 모듈,2,380000
1490,2026-02-09 13:22:00,249-77-73046,푸른산업,P-001,산업용 센서,38,45000
1490,2026-02-09 13:22:00,249-77-73046,푸른산업,P-009,공압 실린더,12,78000
1490,2026-02-09 13:22:00,249-77-73046,푸른산업,P-010,베어링 6204,152,6500
1491,2026-02-10 12:12:00,181-78-68910,한빛정밀,P-010,베어링 6204,119,6500
1491,2026-02-10 12:12:00,181-78-68910,한빛정밀,P-001,산업용 센서,27,45000
1491,2026-02-10 12:12:00,181-78-68910,한빛정밀,P-002,근접 스위치,25,28000
1492,2026-02-10 12:40:00,969-90-43341,은하시스템,P-002,근접 스위치,32,28000
1492,2026-02-10 12:40:00,969-90-43341,은하시스템,P-009,공압 실린더,17,78000
1493,2026-02-10 09:07:00,599-86-84485,가온반도체,P-011,산업용 릴레이,50,12000
1494,2026-02-10 10:24:00,419-49-90380,동서기계,P-003,M12 커넥터,56,8500
1494,2026-02-10 10:24:00,419-49-90380,동서기계,P-001,산업용 센서,12,45000
1495,2026-02-11 17:36:00,419-49-90380,동서기계,P-011,산업용 릴레이,40,12000
1495,2026-02-11 17:36:00,419-49-90380,동서기계,P-010,베어링 6204,56,6500
1496,2026-02-11 17:30:00,249-77-73046,푸른산업,P-011,산업용 릴레이,116,12000
1496,2026-02-11 17:30:00,249-77-73046,푸른산업,P-012,방열 팬 24V,67,9500
1496,2026-02-11 17:30:00,249-77-73046,푸른산업,P-010,베어링 6204,159,6500
1496,2026-02-11 17:30:00,249-77-73046,푸른산업,P-001,산업용 센서,47,45000
1497,2026-02-11 12:30:00,783-27-42751,다온테크,P-010,베어링 6204,95,6500
1497,2026-02-11 12:30:00,783-27-42751,다온테크,P-001,산업용 센서,24,45000
1498,2026-02-11 15:56:00,249-77-73046,푸른산업,P-001,산업용 센서,55,45000
1499,2026-02-12 16:36:00,783-27-42751,다온테크,P-001,산업용 센서,21,45000
1500,2026-02-12 15:41:00,550-43-26429,누리금속,P-002,근접 스위치,30,28000
1500,2026-02-12 15:41:00,550-43-26429,누리금속,P-010,베어링 6204,82,6500
1501,2026-02-12 16:10:00,783-27-42751,다온테크,P-004,케이블 하네스,51,15000
1501,2026-02-12 16:10:00,783-27-42751,다온테크,P-010,베어링 6204,116,6500
1502,2026-02-13 17:41:00,249-77-73046,푸른산업,P-003,M12 커넥터,119,8500
1502,2026-02-13 17:41:00,249-77-73046,푸른산업,P-001,산업용 센서,35,45000
1503,2026-02-13 16:18:00,929-76-42997,청솔설비,P-006,서보 모터,2,520000
1504,2026-02-13 11:01:00,249-77-73046,푸른산업,P-004,케이블 하네스,86,15000
1505,2026-02-13 12:22:00,599-86-84485,가온반도체,P-002,근접 스위치,24,28000
1506,2026-02-13 16:45:00,599-86-84485,가온반도체,P-011,산업용 릴레이,45,12000
1507,2026-02-13 15:57:00,495-17-72762,대성기계,P-007,모터 드라이버,1,210000
1508,2026-02-13 12:08:00,550-43-26429,누리금속,P-004,케이블 하네스,46,15000
1508,2026-02-13 12:08:00,550-43-26429,누리금속,P-001,산업용 센서,21,45000
1508,2026-02-13 12:08:00,550-43-26429,누리금속,P-008,DIN 레일 전원공급장치,8,65000
1509,2026-02-13 12:26:00,550-43-26429,누리금속,P-001,산업용 센서,17,45000
1509,2026-02-13 12:26:00,550-43-26429,누리금속,P-003,M12 커넥터,64,8500
1509,2026-02-13 12:26:00,550-43-26429,누리금속,P-006,서보 모터,4,520000
1509,2026-02-13 12:26:00,550-43-26429,누리금속,P-005,PLC 모듈,1,380000
1510,2026-02-13 16:40:00,783-27-42751,다온테크,P-011,산업용 릴레이,67,12000
1510,2026-02-13 16:40:00,783-27-42751,다온테크,P-002,근접 스위치,30,28000
1511,2026-02-13 17:15:00,815-26-51664,라온메카닉스,P-010,베어링 6204,52,6500
1511,2026-02-13 17:15:00,815-26-51664,라온메카닉스,P-004,케이블 하네스,30,15000
1511,2026-02-13 17:15:00,815-26-51664,라온메카닉스,P-002,근접 스위치,12,28000
1511,2026-02-13 17:15:00,815-26-51664,라온메카닉스,P-003,M12 커넥터,41,8500
1512,2026-02-14 12:44:00,520-58-23885,온누리전기,P-001,산업용 센서,26,45000
1512,2026-02-14 12:44:00,520-58-23885,온누리전기,P-007,모터 드라이버,6,210000
1512,2026-02-14 12:44:00,520-58-23885,온누리전기,P-009,공압 실린더,7,78000
1513,2026-02-16 15:15:00,783-27-42751,다온테크,P-011,산업용 릴레이,63,12000
1513,2026-02-16 15:15:00,783-27-42751,다온테크,P-002,근접 스위치,26,28000
1514,2026-02-16 11:55:00,550-43-26429,누리금속,P-004,케이블 하네스,45,15000
1514,2026-02-16 11:55:00,550-43-26429,누리금속,P-002,근접 스위치,12,28000
1514,2026-02-16 11:55:00,550-43-26429,누리금속,P-010,베어링 6204,81,6500
1514,2026-02-16 11:55:00,550-43-26429,누리금속,P-001,산업용 센서,20,45000
1515,2026-02-16 11:54:00,249-77-73046,푸른산업,P-001,산업용 센서,41,45000
1515,2026-02-16 11:54:00,249-77-73046,푸른산업,P-002,근접 스위치,54,28000
1516,2026-02-16 10:02:00,969-90-43341,은하시스템,P-001,산업용 센서,32,45000
1517,2026-02-16 17:39:00,933-45-84047,해든로보틱스,P-010,베어링 6204,104,6500
1518,2026-02-16 12:25:00,573-96-76216,미래오토메이션,P-007,모터 드라이버,2,210000
1518,2026-02-16 12:25:00,573-96-76216,미래오토메이션,P-001,산업용 센서,25,45000
1519,2026-02-16 09:22:00,929-76-42997,청솔설비,P-012,방열 팬 24V,20,9500
1519,2026-02-16 09:22:00,929-76-42997,청솔설비,P-001,산업용 센서,13,45000
1520,2026-02-17 14:12:00,933-45-84047,해든로보틱스,P-002,근접 스위치,27,28000
1520,2026-02-17 14:12:00,933-45-84047,해든로보틱스,P-008,DIN 레일 전원공급장치,9,65000
1521,2026-02-17 15:58:00,933-45-84047,해든로보틱스,P-002,근접 스위치,41,28000
1521,2026-02-17 15:58:00,933-45-84047,해든로보틱스,P-011,산업용 릴레이,67,12000
1521,2026-02-17 15:58:00,933-45-84047,해든로보틱스,P-003,M12 커넥터,82,8500
1522,2026-02-17 10:25:00,495-17-72762,대성기계,P-002,근접 스위치,5,28000
1522,2026-02-17 10:25:00,495-17-72762,대성기계,P-009,공압 실린더,2,78000
1523,2026-02-17 11:42:00,520-58-23885,온누리전기,P-003,M12 커넥터,95,8500
1523,2026-02-17 11:42:00,520-58-23885,온누리전기,P-011,산업용 릴레이,73,12000
1523,2026-02-17 11:42:00,520-58-23885,온누리전기,P-012,방열 팬 24V,51,9500
1523,2026-02-17 11:42:00,520-58-23885,온누리전기,P-010,베어링 6204,114,6500
1523,2026-02-17 11:42:00,520-58-23885,온누리전기,P-001,산업용 센서,23,45000
1524,2026-02-17 09:29:00,550-43-26429,누리금속,P-001,산업용 센서,25,45000
1524,2026-02-17 09:29:00,550-43-26429,누리금속,P-010,베어링 6204,86,6500
1524,2026-02-17 09:29:00,550-43-26429,누리금속,P-009,공압 실린더,3,78000
1524,2026-02-17 09:29:00,550-43-26429,누리금속,P-005,PLC 모듈,2,380000
1525,2026-02-18 13:53:00,815-26-51664,라온메카닉스,P-006,서보 모터,1,520000
1525,2026-02-18 13:53:00,815-26-51664,라온메카닉스,P-003,M12 커넥터,29,8500
1525,2026-02-18 13:53:00,815-26-51664,라온메카닉스,P-001,산업용 센서,16,45000
1526,2026-02-18 15:25:00,784-55-21530,새봄전자,P-003,M12 커넥터,37,8500
1526,2026-02-18 15:25:00,784-55-21530,새봄전자,P-010,베어링 6204,43,6500
1526,2026-02-18 15:25:00,784-55-21530,새봄전자,P-011,산업용 릴레이,37,12000
1526,2026-02-18 15:25:00,784-55-21530,새봄전자,P-009,공압 실린더,5,78000
1527,2026-02-18 17:26:00,573-96-76216,미래오토메이션,P-002,근접 스위치,16,28000
1527,2026-02-18 17:26:00,573-96-76216,미래오토메이션,P-004,케이블 하네스,22,15000
1527,2026-02-18 17:26:00,573-96-76216,미래오토메이션,P-012,방열 팬 24V,34,9500
1528,2026-02-18 12:34:00,495-17-72762,대성기계,P-002,근접 스위치,7,28000
1528,2026-02-18 12:34:00,495-17-72762,대성기계,P-012,방열 팬 24V,8,9500
1529,2026-02-18 13:54:00,783-27-42751,다온테크,P-012,방열 팬 24V,33,9500
1530,2026-02-19 17:46:00,419-49-90380,동서기계,P-011,산업용 릴레이,33,12000
1530,2026-02-19 17:46:00,419-49-90380,동서기계,P-010,베어링 6204,61,6500
1531,2026-02-19 15:26:00,933-45-84047,해든로보틱스,P-002,근접 스위치,29,28000
1532,2026-02-19 15:38:00,550-43-26429,누리금속,P-010,베어링 6204,81,6500
1533,2026-02-19 14:41:00,969-90-43341,은하시스템,P-002,근접 스위치,33,28000
1533,2026-02-19 14:41:00,969-90-43341,은하시스템,P-003,M12 커넥터,76,8500
1533,2026-02-19 14:41:00,969-90-43341,은하시스템,P-005,PLC 모듈,5,380000
1533,2026-02-19 14:41:00,969-90-43341,은하시스템,P-004,케이블 하네스,59,15000
1534,2026-02-19 14:44:00,505-30-18292,우리엔지니어링,P-010,베어링 6204,56,6500
1535,2026-02-19 13:40:00,419-49-90380,동서기계,P-011,산업용 릴레이,32,12000
1535,2026-02-19 13:40:00,419-49-90380,동서기계,P-004,케이블 하네스,32,15000
1535,2026-02-19 13:40:00,419-49-90380,동서기계,P-008,DIN 레일 전원공급장치,10,65000
1535,2026-02-19 13:40:00,419-49-90380,동서기계,P-001,산업용 센서,20,45000
1536,2026-02-19 12:07:00,520-58-23885,온누리전기,P-003,M12 커넥터,65,8500
1536,2026-02-19 12:07:00,520-58-23885,온누리전기,P-011,산업용 릴레이,67,12000
1537,2026-02-20 12:19:00,783-27-42751,다온테크,P-012,방열 팬 24V,30,9500
1537,2026-02-20 12:19:00,783-27-42751,다온테크,P-003,M12 커넥터,57,8500
1538,2026-02-20 13:02:00,505-30-18292,우리엔지니어링,P-010,베어링 6204,48,6500
1539,2026-02-20 09:32:00,550-43-26429,누리금속,P-001,산업용 센서,16,45000
1539,2026-02-20 09:32:00,550-43-26429,누리금속,P-010,베어링 6204,77,6500
1539,2026-02-20 09:32:00,550-43-26429,누리금속,P-012,방열 팬 24V,34,9500
1540,2026-02-20 15:39:00,599-86-84485,가온반도체,P-004,케이블 하네스,29,15000
1540,2026-02-20 15:39:00,599-86-84485,가온반도체,P-007,모터 드라이버,3,210000
1540,2026-02-20 15:39:00,599-86-84485,가온반도체,P-003,M12 커넥터,56,8500
1541,2026-02-20 12:27:00,599-86-84485,가온반도체,P-001,산업용 센서,17,45000
1541,2026-02-20 12:27:00,599-86-84485,가온반도체,P-003,M12 커넥터,56,8500
1542,2026-02-23 15:10:00,784-55-21530,새봄전자,P-003,M12 커넥터,30,8500
1542,2026-02-23 15:10:00,784-55-21530,새봄전자,P-001,산업용 센서,12,45000
1542,2026-02-23 15:10:00,784-55-21530,새봄전자,P-005,PLC 모듈,1,380000
1542,2026-02-23 15:10:00,784-55-21530,새봄전자,P-012,방열 팬 24V,19,9500
1543,2026-02-23 11:42:00,784-55-21530,새봄전자,P-003,M12 커넥터,38,8500
1543,2026-02-23 11:42:00,784-55-21530,새봄전자,P-010,베어링 6204,54,6500
1543,2026-02-23 11:42:00,784-55-21530,새봄전자,P-002,근접 스위치,16,28000
1544,2026-02-23 14:11:00,181-78-68910,한빛정밀,P-004,케이블 하네스,52,15000
1544,2026-02-23 14:11:00,181-78-68910,한빛정밀,P-010,베어링 6204,139,6500
1544,2026-02-23 14:11:00,181-78-68910,한빛정밀,P-009,공압 실린더,11,78000
1544,2026-02-23 14:11:00,181-78-68910,한빛정밀,P-001,산업용 센서,35,45000
1545,2026-02-23 09:18:00,599-86-84485,가온반도체,P-003,M12 커넥터,62,8500
1545,2026-02-23 09:18:00,599-86-84485,가온반도체,P-008,DIN 레일 전원공급장치,9,65000
1546,2026-02-23 10:33:00,249-77-73046,푸른산업,P-004,케이블 하네스,82,15000
1546,2026-02-23 10:33:00,249-77-73046,푸른산업,P-009,공압 실린더,20,78000
1547,2026-02-24 12:08:00,419-49-90380,동서기계,P-001,산업용 센서,13,45000
1548,2026-02-24 13:13:00,929-76-42997,청솔설비,P-005,PLC 모듈,1,380000
1548,2026-02-24 13:13:00,929-76-42997,청솔설비,P-010,베어링 6204,61,6500
1548,2026-02-24 13:13:00,929-76-42997,청솔설비,P-002,근접 스위치,22,28000
1549,2026-02-24 11:23:00,969-90-43341,은하시스템,P-010,베어링 6204,107,6500
1550,2026-02-24 16:55:00,181-78-68910,한빛정밀,P-001,산업용 센서,22,45000
1550,2026-02-24 16:55:00,181-78-68910,한빛정밀,P-010,베어링 6204,138,6500
1551,2026-02-24 16:42:00,969-90-43341,은하시스템,P-004,케이블 하네스,55,15000
1551,2026-02-24 16:42:00,969-90-43341,은하시스템,P-003,M12 커넥터,79,8500
1551,2026-02-24 16:42:00,969-90-43341,은하시스템,P-002,근접 스위치,41,28000
1551,2026-02-24 16:42:00,969-90-43341,은하시스템,P-007,모터 드라이버,2,210000
1552,2026-02-24 13:49:00,929-76-42997,청솔설비,P-010,베어링 6204,58,6500
1552,2026-02-24 13:49:00,929-76-42997,청솔설비,P-002,근접 스위치,25,28000
1552,2026-02-24 13:49:00,929-76-42997,청솔설비,P-011,산업용 릴레이,41,12000
1552,2026-02-24 13:49:00,929-76-42997,청솔설비,P-003,M12 커넥터,45,8500
1552,2026-02-24 13:49:00,929-76-42997,청솔설비,P-012,방열 팬 24V,18,9500
1553,2026-02-24 10:36:00,969-90-43341,은하시스템,P-004,케이블 하네스,58,15000
1553,2026-02-24 10:36:00,969-90-43341,은하시스템,P-012,방열 팬 24V,35,9500
1554,2026-02-24 11:01:00,419-49-90380,동서기계,P-001,산업용 센서,12,45000
1554,2026-02-24 11:01:00,419-49-90380,동서기계,P-010,베어링 6204,40,6500
1554,2026-02-24 11:01:00,419-49-90380,동서기계,P-008,DIN 레일 전원공급장치,6,65000
1555,2026-02-24 09:04:00,181-78-68910,한빛정밀,P-004,케이블 하네스,65,15000
1555,2026-02-24 09:04:00,181-78-68910,한빛정밀,P-010,베어링 6204,127,6500
1555,2026-02-24 09:04:00,181-78-68910,한빛정밀,P-005,PLC 모듈,7,380000
1556,2026-02-25 10:49:00,520-58-23885,온누리전기,P-012,방열 팬 24V,31,9500
1556,2026-02-25 10:49:00,520-58-23885,온누리전기,P-004,케이블 하네스,48,15000
1556,2026-02-25 10:49:00,520-58-23885,온누리전기,P-001,산업용 센서,23,45000
1556,2026-02-25 10:49:00,520-58-23885,온누리전기,P-002,근접 스위치,30,28000
1557,2026-02-25 15:57:00,249-77-73046,푸른산업,P-011,산업용 릴레이,84,12000
1558,2026-02-25 14:58:00,419-49-90380,동서기계,P-004,케이블 하네스,29,15000
1558,2026-02-25 14:58:00,419-49-90380,동서기계,P-001,산업용 센서,18,45000
1559,2026-02-25 14:52:00,573-96-76216,미래오토메이션,P-001,산업용 센서,12,45000
1559,2026-02-25 14:52:00,573-96-76216,미래오토메이션,P-008,DIN 레일 전원공급장치,8,65000
1559,2026-02-25 14:52:00,573-96-76216,미래오토메이션,P-006,서보 모터,3,520000
1560,2026-02-25 10:55:00,495-17-72762,대성기계,P-003,M12 커넥터,55,8500
1560,2026-02-25 10:55:00,495-17-72762,대성기계,P-004,케이블 하네스,45,15000
1561,2026-02-25 14:38:00,550-43-26429,누리금속,P-003,M12 커넥터,50,8500
1561,2026-02-25 14:38:00,550-43-26429,누리금속,P-012,방열 팬 24V,25,9500
1562,2026-02-26 15:29:00,599-86-84485,가온반도체,P-003,M12 커넥터,63,8500
1562,2026-02-26 15:29:00,599-86-84485,가온반도체,P-012,방열 팬 24V,33,9500
1562,2026-02-26 15:29:00,599-86-84485,가온반도체,P-002,근접 스위치,17,28000
1562,2026-02-26 15:29:00,599-86-84485,가온반도체,P-001,산업용 센서,15,45000
1563,2026-02-26 14:24:00,550-43-26429,누리금속,P-010,베어링 6204,76,6500
1564,2026-02-26 16:40:00,520-58-23885,온누리전기,P-003,M12 커넥터,70,8500
1564,2026-02-26 16:40:00,520-58-23885,온누리전기,P-002,근접 스위치,26,28000
1565,2026-02-26 09:20:00,599-86-84485,가온반도체,P-001,산업용 센서,17,45000
1566,2026-02-26 13:28:00,520-58-23885,온누리전기,P-001,산업용 센서,26,45000
1566,2026-02-26 13:28:00,520-58-23885,온누리전기,P-002,근접 스위치,37,28000
1567,2026-02-26 10:50:00,520-58-23885,온누리전기,P-001,산업용 센서,25,45000
1567,2026-02-26 10:50:00,520-58-23885,온누리전기,P-003,M12 커넥터,70,8500
1567,2026-02-26 10:50:00,520-58-23885,온누리전기,P-002,근접 스위치,29,28000
1567,2026-02-26 10:50:00,520-58-23885,온누리전기,P-004,케이블 하네스,53,15000
1568,2026-02-26 15:43:00,573-96-76216,미래오토메이션,P-009,공압 실린더,7,78000
1568,2026-02-26 15:43:00,573-96-76216,미래오토메이션,P-011,산업용 릴레이,38,12000
1568,2026-02-26 15:43:00,573-96-76216,미래오토메이션,P-010,베어링 6204,67,6500
1569,2026-02-27 14:57:00,815-26-51664,라온메카닉스,P-004,케이블 하네스,20,15000
1569,2026-02-27 14:57:00,815-26-51664,라온메카닉스,P-010,베어링 6204,41,6500
1569,2026-02-27 14:57:00,815-26-51664,라온메카닉스,P-011,산업용 릴레이,32,12000
1569,2026-02-27 14:57:00,815-26-51664,라온메카닉스,P-002,근접 스위치,19,28000
1570,2026-02-27 09:33:00,249-77-73046,푸른산업,P-007,모터 드라이버,3,210000
1570,2026-02-27 09:33:00,249-77-73046,푸른산업,P-001,산업용 센서,46,45000
1571,2026-02-27 15:47:00,520-58-23885,온누리전기,P-011,산업용 릴레이,48,12000
1571,2026-02-27 15:47:00,520-58-23885,온누리전기,P-010,베어링 6204,85,6500
1571,2026-02-27 15:47:00,520-58-23885,온누리전기,P-003,M12 커넥터,73,8500
1571,2026-02-27 15:47:00,520-58-23885,온누리전기,P-008,DIN 레일 전원공급장치,14,65000
1571,2026-02-27 15:47:00,520-58-23885,온누리전기,P-009,공압 실린더,7,78000
1571,2026-02-27 15:47:00,520-58-23885,온누리전기,P-005,PLC 모듈,5,380000
1571,2026-02-27 15:47:00,520-58-23885,온누리전기,P-012,방열 팬 24V,36,9500
1571,2026-02-27 15:47:00,520-58-23885,온누리전기,P-001,산업용 센서,19,45000
1572,2026-02-27 09:23:00,784-55-21530,새봄전자,P-002,근접 스위치,7,28000
1572,2026-02-27 09:23:00,784-55-21530,새봄전자,P-003,M12 커넥터,25,8500
1572,2026-02-27 09:23:00,784-55-21530,새봄전자,P-011,산업용 릴레이,28,12000
1573,2026-02-27 13:45:00,969-90-43341,은하시스템,P-010,베어링 6204,107,6500
1574,2026-02-27 13:02:00,573-96-76216,미래오토메이션,P-001,산업용 센서,20,45000
1574,2026-02-27 13:02:00,573-96-76216,미래오토메이션,P-004,케이블 하네스,37,15000
1574,2026-02-27 13:02:00,573-96-76216,미래오토메이션,P-009,공압 실린더,4,78000
1574,2026-02-27 13:02:00,573-96-76216,미래오토메이션,P-010,베어링 6204,56,6500
1575,2026-02-27 15:25:00,520-58-23885,온누리전기,P-003,M12 커넥터,72,8500
1575,2026-02-27 15:25:00,520-58-23885,온누리전기,P-010,베어링 6204,104,6500
1575,2026-02-27 15:25:00,520-58-23885,온누리전기,P-004,케이블 하네스,49,15000
1576,2026-02-28 17:11:00,520-58-23885,온누리전기,P-003,M12 커넥터,73,8500
1576,2026-02-28 17:11:00,520-58-23885,온누리전기,P-004,케이블 하네스,53,15000
1576,2026-02-28 17:11:00,520-58-23885,온누리전기,P-010,베어링 6204,92,6500
1577,2026-03-02 16:56:00,783-27-42751,다온테크,P-003,M12 커넥터,70,8500
1577,2026-03-02 16:56:00,783-27-42751,다온테크,P-004,케이블 하네스,52,15000
1578,2026-03-02 09:38:00,550-43-26429,누리금속,P-005,PLC 모듈,5,380000
1578,2026-03-02 09:38:00,550-43-26429,누리금속,P-003,M12 커넥터,69,8500
1579,2026-03-02 14:07:00,181-78-68910,한빛정밀,P-011,산업용 릴레이,80,12000
1580,2026-03-02 11:51:00,419-49-90380,동서기계,P-012,방열 팬 24V,17,9500
1580,2026-03-02 11:51:00,419-49-90380,동서기계,P-001,산업용 센서,14,45000
1580,2026-03-02 11:51:00,419-49-90380,동서기계,P-003,M12 커넥터,53,8500
1580,2026-03-02 11:51:00,419-49-90380,동서기계,P-011,산업용 릴레이,46,12000
1581,2026-03-02 14:02:00,181-78-68910,한빛정밀,P-010,베어링 6204,124,6500
1582,2026-03-02 13:39:00,599-86-84485,가온반도체,P-012,방열 팬 24V,32,9500
1582,2026-03-02 13:39:00,599-86-84485,가온반도체,P-011,산업용 릴레이,58,12000
1582,2026-03-02 13:39:00,599-86-84485,가온반도체,P-008,DIN 레일 전원공급장치,8,65000
1583,2026-03-03 09:54:00,573-96-76216,미래오토메이션,P-003,M12 커넥터,46,8500
1583,2026-03-03 09:54:00,573-96-76216,미래오토메이션,P-001,산업용 센서,23,45000
1584,2026-03-03 09:12:00,181-78-68910,한빛정밀,P-002,근접 스위치,33,28000
1584,2026-03-03 09:12:00,181-78-68910,한빛정밀,P-008,DIN 레일 전원공급장치,17,65000
1584,2026-03-03 09:12:00,181-78-68910,한빛정밀,P-003,M12 커넥터,99,8500
1584,2026-03-03 09:12:00,181-78-68910,한빛정밀,P-007,모터 드라이버,3,210000
1584,2026-03-03 09:12:00,181-78-68910,한빛정밀,P-009,공압 실린더,12,78000
1585,2026-03-03 17:51:00,784-55-21530,새봄전자,P-001,산업용 센서,15,45000
1586,2026-03-03 10:44:00,783-27-42751,다온테크,P-002,근접 스위치,28,28000
1586,2026-03-03 10:44:00,783-27-42751,다온테크,P-008,DIN 레일 전원공급장치,22,65000
1587,2026-03-03 12:59:00,249-77-73046,푸른산업,P-004,케이블 하네스,81,15000
1587,2026-03-03 12:59:00,249-77-73046,푸른산업,P-010,베어링 6204,160,6500
1587,2026-03-03 12:59:00,249-77-73046,푸른산업,P-003,M12 커넥터,109,8500
1587,2026-03-03 12:59:00,249-77-73046,푸른산업,P-012,방열 팬 24V,64,9500
1588,2026-03-03 13:36:00,969-90-43341,은하시스템,P-012,방열 팬 24V,45,9500
1588,2026-03-03 13:36:00,969-90-43341,은하시스템,P-002,근접 스위치,40,28000
1588,2026-03-03 13:36:00,969-90-43341,은하시스템,P-008,DIN 레일 전원공급장치,15,65000
1589,2026-03-04 14:03:00,181-78-68910,한빛정밀,P-004,케이블 하네스,58,15000
1589,2026-03-04 14:03:00,181-78-68910,한빛정밀,P-003,M12 커넥터,92,8500
1590,2026-03-04 15:43:00,969-90-43341,은하시스템,P-002,근접 스위치,43,28000
1590,2026-03-04 15:43:00,969-90-43341,은하시스템,P-003,M12 커넥터,87,8500
1591,2026-03-04 13:12:00,419-49-90380,동서기계,P-002,근접 스위치,14,28000
1592,2026-03-04 12:24:00,573-96-76216,미래오토메이션,P-010,베어링 6204,71,6500
1592,2026-03-04 12:24:00,573-96-76216,미래오토메이션,P-001,산업용 센서,19,45000
1592,2026-03-04 12:24:00,573-96-76216,미래오토메이션,P-003,M12 커넥터,48,8500
1592,2026-03-04 12:24:00,573-96-76216,미래오토메이션,P-004,케이블 하네스,33,15000
1593,2026-03-04 09:42:00,573-96-76216,미래오토메이션,P-003,M12 커넥터,67,8500
1593,2026-03-04 09:42:00,573-96-76216,미래오토메이션,P-004,케이블 하네스,30,15000
1594,2026-03-04 13:46:00,419-49-90380,동서기계,P-010,베어링 6204,50,6500
1594,2026-03-04 13:46:00,419-49-90380,동서기계,P-012,방열 팬 24V,27,9500
1595,2026-03-04 16:08:00,933-45-84047,해든로보틱스,P-001,산업용 센서,30,45000
1595,2026-03-04 16:08:00,933-45-84047,해든로보틱스,P-010,베어링 6204,100,6500
1596,2026-03-05 17:53:00,181-78-68910,한빛정밀,P-003,M12 커넥터,91,8500
1597,2026-03-05 13:23:00,929-76-42997,청솔설비,P-003,M12 커넥터,37,8500
1598,2026-03-05 14:12:00,505-30-18292,우리엔지니어링,P-010,베어링 6204,43,6500
1598,2026-03-05 14:12:00,505-30-18292,우리엔지니어링,P-011,산업용 릴레이,36,12000
1598,2026-03-05 14:12:00,505-30-18292,우리엔지니어링,P-001,산업용 센서,12,45000
1599,2026-03-05 17:40:00,181-78-68910,한빛정밀,P-012,방열 팬 24V,46,9500
1599,2026-03-05 17:40:00,181-78-68910,한빛정밀,P-004,케이블 하네스,71,15000
1600,2026-03-05 16:57:00,181-78-68910,한빛정밀,P-001,산업용 센서,33,45000
1600,2026-03-05 16:57:00,181-78-68910,한빛정밀,P-003,M12 커넥터,100,8500
1600,2026-03-05 16:57:00,181-78-68910,한빛정밀,P-002,근접 스위치,33,28000
1601,2026-03-05 12:25:00,599-86-84485,가온반도체,P-008,DIN 레일 전원공급장치,9,65000
1601,2026-03-05 12:25:00,599-86-84485,가온반도체,P-002,근접 스위치,26,28000
1601,2026-03-05 12:25:00,599-86-84485,가온반도체,P-005,PLC 모듈,2,380000
1602,2026-03-05 09:30:00,249-77-73046,푸른산업,P-003,M12 커넥터,134,8500
1602,2026-03-05 09:30:00,249-77-73046,푸른산업,P-008,DIN 레일 전원공급장치,21,65000
1603,2026-03-05 09:38:00,181-78-68910,한빛정밀,P-010,베어링 6204,127,6500
1604,2026-03-05 11:00:00,929-76-42997,청솔설비,P-010,베어링 6204,63,6500
1604,2026-03-05 11:00:00,929-76-42997,청솔설비,P-004,케이블 하네스,26,15000
1605,2026-03-06 12:01:00,249-77-73046,푸른산업,P-009,공압 실린더,12,78000
1605,2026-03-06 12:01:00,249-77-73046,푸른산업,P-010,베어링 6204,149,6500
1606,2026-03-06 14:21:00,249-77-73046,푸른산업,P-011,산업용 릴레이,414,12000
1606,2026-03-06 14:21:00,249-77-73046,푸른산업,P-010,베어링 6204,653,6500
1606,2026-03-06 14:21:00,249-77-73046,푸른산업,P-002,근접 스위치,213,28000
1607,2026-03-06 12:20:00,929-76-42997,청솔설비,P-004,케이블 하네스,32,15000
1607,2026-03-06 12:20:00,929-76-42997,청솔설비,P-010,베어링 6204,54,6500
1607,2026-03-06 12:20:00,929-76-42997,청솔설비,P-008,DIN 레일 전원공급장치,9,65000
1607,2026-03-06 12:20:00,929-76-42997,청솔설비,P-003,M12 커넥터,44,8500
1608,2026-03-06 14:17:00,520-58-23885,온누리전기,P-004,케이블 하네스,58,15000
1609,2026-03-09 14:10:00,783-27-42751,다온테크,P-010,베어링 6204,98,6500
1610,2026-03-09 17:15:00,933-45-84047,해든로보틱스,P-010,베어링 6204,90,6500
1610,2026-03-09 17:15:00,933-45-84047,해든로보틱스,P-009,공압 실린더,7,78000
1611,2026-03-09 11:22:00,969-90-43341,은하시스템,P-002,근접 스위치,29,28000
1612,2026-03-09 17:55:00,550-43-26429,누리금속,P-001,산업용 센서,21,45000
1612,2026-03-09 17:55:00,550-43-26429,누리금속,P-004,케이블 하네스,37,15000
1613,2026-03-09 14:56:00,933-45-84047,해든로보틱스,P-008,DIN 레일 전원공급장치,14,65000
1613,2026-03-09 14:56:00,933-45-84047,해든로보틱스,P-004,케이블 하네스,43,15000
1613,2026-03-09 14:56:00,933-45-84047,해든로보틱스,P-012,방열 팬 24V,33,9500
1613,2026-03-09 14:56:00,933-45-84047,해든로보틱스,P-011,산업용 릴레이,68,12000
1614,2026-03-09 17:13:00,249-77-73046,푸른산업,P-010,베어링 6204,153,6500
1614,2026-03-09 17:13:00,249-77-73046,푸른산업,P-001,산업용 센서,50,45000
1614,2026-03-09 17:13:00,249-77-73046,푸른산업,P-007,모터 드라이버,4,210000
1615,2026-03-09 10:49:00,181-78-68910,한빛정밀,P-001,산업용 센서,31,45000
1615,2026-03-09 10:49:00,181-78-68910,한빛정밀,P-010,베어링 6204,141,6500
1616,2026-03-10 13:01:00,550-43-26429,누리금속,P-001,산업용 센서,15,45000
1616,2026-03-10 13:01:00,550-43-26429,누리금속,P-011,산업용 릴레이,48,12000
1616,2026-03-10 13:01:00,550-43-26429,누리금속,P-008,DIN 레일 전원공급장치,10,65000
1617,2026-03-10 14:37:00,573-96-76216,미래오토메이션,P-008,DIN 레일 전원공급장치,7,65000
1618,2026-03-10 15:15:00,181-78-68910,한빛정밀,P-009,공압 실린더,15,78000
1618,2026-03-10 15:15:00,181-78-68910,한빛정밀,P-001,산업용 센서,26,45000
1619,2026-03-10 15:59:00,929-76-42997,청솔설비,P-010,베어링 6204,46,6500
1619,2026-03-10 15:59:00,929-76-42997,청솔설비,P-001,산업용 센서,16,45000
1620,2026-03-10 16:12:00,784-55-21530,새봄전자,P-005,PLC 모듈,2,380000
1620,2026-03-10 16:12:00,784-55-21530,새봄전자,P-004,케이블 하네스,33,15000
1621,2026-03-10 13:09:00,815-26-51664,라온메카닉스,P-008,DIN 레일 전원공급장치,1,65000
1621,2026-03-10 13:09:00,815-26-51664,라온메카닉스,P-002,근접 스위치,16,28000
1621,2026-03-10 13:09:00,815-26-51664,라온메카닉스,P-001,산업용 센서,8,45000
1622,2026-03-10 13:23:00,520-58-23885,온누리전기,P-003,M12 커넥터,102,8500
1622,2026-03-10 13:23:00,520-58-23885,온누리전기,P-012,방열 팬 24V,34,9500
1622,2026-03-10 13:23:00,520-58-23885,온누리전기,P-008,DIN 레일 전원공급장치,16,65000
1623,2026-03-11 17:53:00,249-77-73046,푸른산업,P-002,근접 스위치,58,28000
1623,2026-03-11 17:53:00,249-77-73046,푸른산업,P-004,케이블 하네스,86,15000
1624,2026-03-11 16:26:00,599-86-84485,가온반도체,P-011,산업용 릴레이,44,12000
1625,2026-03-11 16:35:00,929-76-42997,청솔설비,P-010,베어링 6204,67,6500
1626,2026-03-11 11:13:00,969-90-43341,은하시스템,P-001,산업용 센서,27,45000
1626,2026-03-11 11:13:00,969-90-43341,은하시스템,P-007,모터 드라이버,3,210000
1627,2026-03-12 17:28:00,929-76-42997,청솔설비,P-001,산업용 센서,10,45000
1628,2026-03-13 16:14:00,573-96-76216,미래오토메이션,P-001,산업용 센서,14,45000
1629,2026-03-13 12:25:00,969-90-43341,은하시스템,P-011,산업용 릴레이,57,12000
1629,2026-03-13 12:25:00,969-90-43341,은하시스템,P-010,베어링 6204,109,6500
1629,2026-03-13 12:25:00,969-90-43341,은하시스템,P-001,산업용 센서,33,45000
1629,2026-03-13 12:25:00,969-90-43341,은하시스템,P-003,M12 커넥터,77,8500
1630,2026-03-13 15:44:00,933-45-84047,해든로보틱스,P-001,산업용 센서,28,45000
1630,2026-03-13 15:44:00,933-45-84047,해든로보틱스,P-005,PLC 모듈,8,380000
1630,2026-03-13 15:44:00,933-45-84047,해든로보틱스,P-003,M12 커넥터,73,8500
1631,2026-03-14 17:58:00,249-77-73046,푸른산업,P-002,근접 스위치,46,28000
1632,2026-03-16 15:21:00,520-58-23885,온누리전기,P-001,산업용 센서,28,45000
1633,2026-03-16 13:24:00,249-77-73046,푸른산업,P-004,케이블 하네스,78,15000
1633,2026-03-16 13:24:00,249-77-73046,푸른산업,P-007,모터 드라이버,3,210000
1634,2026-03-16 10:50:00,784-55-21530,새봄전자,P-003,M12 커넥터,22,8500
1634,2026-03-16 10:50:00,784-55-21530,새봄전자,P-001,산업용 센서,14,45000
1635,2026-03-16 09:15:00,969-90-43341,은하시스템,P-003,M12 커넥터,81,8500
1635,2026-03-16 09:15:00,969-90-43341,은하시스템,P-010,베어링 6204,101,6500
1636,2026-03-16 11:46:00,505-30-18292,우리엔지니어링,P-003,M12 커넥터,37,8500
1636,2026-03-16 11:46:00,505-30-18292,우리엔지니어링,P-001,산업용 센서,15,45000
1636,2026-03-16 11:46:00,505-30-18292,우리엔지니어링,P-011,산업용 릴레이,22,12000
1636,2026-03-16 11:46:00,505-30-18292,우리엔지니어링,P-008,DIN 레일 전원공급장치,6,65000
1636,2026-03-16 11:46:00,505-30-18292,우리엔지니어링,P-010,베어링 6204,45,6500
1637,2026-03-16 09:28:00,505-30-18292,우리엔지니어링,P-003,M12 커넥터,30,8500
1638,2026-03-17 12:20:00,249-77-73046,푸른산업,P-004,케이블 하네스,97,15000
1639,2026-03-17 13:56:00,181-78-68910,한빛정밀,P-011,산업용 릴레이,80,12000
1639,2026-03-17 13:56:00,181-78-68910,한빛정밀,P-001,산업용 센서,25,45000
1640,2026-03-17 12:09:00,929-76-42997,청솔설비,P-003,M12 커넥터,34,8500
1641,2026-03-18 16:01:00,249-77-73046,푸른산업,P-011,산업용 릴레이,106,12000
1641,2026-03-18 16:01:00,249-77-73046,푸른산업,P-004,케이블 하네스,86,15000
1642,2026-03-18 17:05:00,784-55-21530,새봄전자,P-009,공압 실린더,5,78000
1642,2026-03-18 17:05:00,784-55-21530,새봄전자,P-004,케이블 하네스,20,15000
1642,2026-03-18 17:05:00,784-55-21530,새봄전자,P-010,베어링 6204,45,6500
1643,2026-03-18 11:47:00,784-55-21530,새봄전자,P-001,산업용 센서,15,45000
1643,2026-03-18 11:47:00,784-55-21530,새봄전자,P-012,방열 팬 24V,10,9500
1643,2026-03-18 11:47:00,784-55-21530,새봄전자,P-008,DIN 레일 전원공급장치,5,65000
1644,2026-03-18 17:43:00,783-27-42751,다온테크,P-010,베어링 6204,89,6500
1644,2026-03-18 17:43:00,783-27-42751,다온테크,P-004,케이블 하네스,49,15000
1645,2026-03-18 15:34:00,520-58-23885,온누리전기,P-010,베어링 6204,100,6500
1645,2026-03-18 15:34:00,520-58-23885,온누리전기,P-001,산업용 센서,23,45000
1645,2026-03-18 15:34:00,520-58-23885,온누리전기,P-003,M12 커넥터,67,8500
1646,2026-03-19 17:30:00,929-76-42997,청솔설비,P-001,산업용 센서,15,45000
1647,2026-03-19 15:45:00,929-76-42997,청솔설비,P-003,M12 커넥터,35,8500
1647,2026-03-19 15:45:00,929-76-42997,청솔설비,P-004,케이블 하네스,28,15000
1648,2026-03-19 17:43:00,505-30-18292,우리엔지니어링,P-002,근접 스위치,10,28000
1648,2026-03-19 17:43:00,505-30-18292,우리엔지니어링,P-001,산업용 센서,13,45000
1648,2026-03-19 17:43:00,505-30-18292,우리엔지니어링,P-003,M12 커넥터,19,8500
1649,2026-03-19 10:20:00,495-17-72762,대성기계,P-009,공압 실린더,2,78000
1649,2026-03-19 10:20:00,495-17-72762,대성기계,P-002,근접 스위치,13,28000
1649,2026-03-19 10:20:00,495-17-72762,대성기계,P-003,M12 커넥터,20,8500
1650,2026-03-19 17:06:00,249-77-73046,푸른산업,P-012,방열 팬 24V,240,9500
1650,2026-03-19 17:06:00,249-77-73046,푸른산업,P-009,공압 실린더,56,78000
1651,2026-03-20 11:16:00,969-90-43341,은하시스템,P-001,산업용 센서,33,45000
1651,2026-03-20 11:16:00,969-90-43341,은하시스템,P-004,케이블 하네스,62,15000
1651,2026-03-20 11:16:00,969-90-43341,은하시스템,P-011,산업용 릴레이,61,12000
1652,2026-03-20 14:36:00,249-77-73046,푸른산업,P-001,산업용 센서,44,45000
1653,2026-03-20 15:32:00,929-76-42997,청솔설비,P-003,M12 커넥터,33,8500
1654,2026-03-20 15:32:00,969-90-43341,은하시스템,P-012,방열 팬 24V,55,9500
1654,2026-03-20 15:32:00,969-90-43341,은하시스템,P-001,산업용 센서,31,45000
1655,2026-03-20 14:46:00,969-90-43341,은하시스템,P-003,M12 커넥터,104,8500
1655,2026-03-20 14:46:00,969-90-43341,은하시스템,P-011,산업용 릴레이,69,12000
1655,2026-03-20 14:46:00,969-90-43341,은하시스템,P-001,산업용 센서,19,45000
1656,2026-03-20 11:19:00,573-96-76216,미래오토메이션,P-003,M12 커넥터,225,8500
1657,2026-03-22 09:29:00,929-76-42997,청솔설비,P-009,공압 실린더,1,78000
1657,2026-03-22 09:29:00,929-76-42997,청솔설비,P-008,DIN 레일 전원공급장치,5,65000
1658,2026-03-23 13:09:00,933-45-84047,해든로보틱스,P-010,베어링 6204,91,6500
1658,2026-03-23 13:09:00,933-45-84047,해든로보틱스,P-003,M12 커넥터,74,8500
1659,2026-03-23 12:00:00,969-90-43341,은하시스템,P-004,케이블 하네스,61,15000
1659,2026-03-23 12:00:00,969-90-43341,은하시스템,P-003,M12 커넥터,91,8500
1659,2026-03-23 12:00:00,969-90-43341,은하시스템,P-011,산업용 릴레이,75,12000
1659,2026-03-23 12:00:00,969-90-43341,은하시스템,P-002,근접 스위치,37,28000
1660,2026-03-23 09:16:00,181-78-68910,한빛정밀,P-004,케이블 하네스,55,15000
1661,2026-03-23 09:06:00,495-17-72762,대성기계,P-001,산업용 센서,10,45000
1661,2026-03-23 09:06:00,495-17-72762,대성기계,P-011,산업용 릴레이,12,12000
1662,2026-03-23 17:45:00,599-86-84485,가온반도체,P-004,케이블 하네스,39,15000
1663,2026-03-25 09:50:00,181-78-68910,한빛정밀,P-003,M12 커넥터,100,8500
1664,2026-03-25 15:42:00,520-58-23885,온누리전기,P-010,베어링 6204,97,6500
1665,2026-03-25 11:59:00,181-78-68910,한빛정밀,P-003,M12 커넥터,100,8500
1666,2026-03-25 11:50:00,181-78-68910,한빛정밀,P-008,DIN 레일 전원공급장치,8,65000
1666,2026-03-25 11:50:00,181-78-68910,한빛정밀,P-003,M12 커넥터,86,8500
1666,2026-03-25 11:50:00,181-78-68910,한빛정밀,P-011,산업용 릴레이,76,12000
1666,2026-03-25 11:50:00,181-78-68910,한빛정밀,P-012,방열 팬 24V,52,9500
1666,2026-03-25 11:50:00,181-78-68910,한빛정밀,P-010,베어링 6204,129,6500
1667,2026-03-25 12:50:00,933-45-84047,해든로보틱스,P-001,산업용 센서,25,45000
1668,2026-03-25 14:49:00,783-27-42751,다온테크,P-002,근접 스위치,28,28000
1668,2026-03-25 14:49:00,783-27-42751,다온테크,P-011,산업용 릴레이,65,12000
1668,2026-03-25 14:49:00,783-27-42751,다온테크,P-004,케이블 하네스,47,15000
1668,2026-03-25 14:49:00,783-27-42751,다온테크,P-001,산업용 센서,25,45000
1669,2026-03-25 17:55:00,969-90-43341,은하시스템,P-009,공압 실린더,15,78000
1669,2026-03-25 17:55:00,969-90-43341,은하시스템,P-001,산업용 센서,27,45000
1669,2026-03-25 17:55:00,969-90-43341,은하시스템,P-004,케이블 하네스,57,15000
1670,2026-03-26 13:42:00,784-55-21530,새봄전자,P-010,베어링 6204,59,6500
1670,2026-03-26 13:42:00,784-55-21530,새봄전자,P-004,케이블 하네스,32,15000
1670,2026-03-26 13:42:00,784-55-21530,새봄전자,P-001,산업용 센서,14,45000
1671,2026-03-26 11:28:00,181-78-68910,한빛정밀,P-004,케이블 하네스,67,15000
1671,2026-03-26 11:28:00,181-78-68910,한빛정밀,P-003,M12 커넥터,97,8500
1671,2026-03-26 11:28:00,181-78-68910,한빛정밀,P-010,베어링 6204,128,6500
1671,2026-03-26 11:28:00,181-78-68910,한빛정밀,P-005,PLC 모듈,5,380000
1672,2026-03-27 17:48:00,495-17-72762,대성기계,P-009,공압 실린더,2,78000
1673,2026-03-27 09:33:00,783-27-42751,다온테크,P-010,베어링 6204,100,6500
1673,2026-03-27 09:33:00,783-27-42751,다온테크,P-003,M12 커넥터,64,8500
1674,2026-03-27 09:51:00,249-77-73046,푸른산업,P-001,산업용 센서,52,45000
1674,2026-03-27 09:51:00,249-77-73046,푸른산업,P-003,M12 커넥터,122,8500
1674,2026-03-27 09:51:00,249-77-73046,푸른산업,P-011,산업용 릴레이,92,12000
1675,2026-03-27 17:05:00,783-27-42751,다온테크,P-004,케이블 하네스,49,15000
1675,2026-03-27 17:05:00,783-27-42751,다온테크,P-001,산업용 센서,38,45000
1676,2026-03-27 16:40:00,181-78-68910,한빛정밀,P-002,근접 스위치,40,28000
1676,2026-03-27 16:40:00,181-78-68910,한빛정밀,P-003,M12 커넥터,78,8500
1677,2026-03-30 09:37:00,249-77-73046,푸른산업,P-012,방열 팬 24V,59,9500
1678,2026-03-31 11:55:00,181-78-68910,한빛정밀,P-003,M12 커넥터,101,8500
1679,2026-03-31 09:06:00,520-58-23885,온누리전기,P-003,M12 커넥터,80,8500
1679,2026-03-31 09:06:00,520-58-23885,온누리전기,P-007,모터 드라이버,4,210000
1680,2026-03-31 12:19:00,550-43-26429,누리금속,P-004,케이블 하네스,48,15000
1681,2026-03-31 13:53:00,249-77-73046,푸른산업,P-011,산업용 릴레이,111,12000
1681,2026-03-31 13:53:00,249-77-73046,푸른산업,P-012,방열 팬 24V,55,9500
1682,2026-03-31 09:08:00,181-78-68910,한빛정밀,P-003,M12 커넥터,87,8500
1682,2026-03-31 09:08:00,181-78-68910,한빛정밀,P-012,방열 팬 24V,49,9500
1682,2026-03-31 09:08:00,181-78-68910,한빛정밀,P-011,산업용 릴레이,73,12000
1683,2026-04-01 10:32:00,249-77-73046,푸른산업,P-003,M12 커넥터,100,8500
1683,2026-04-01 10:32:00,249-77-73046,푸른산업,P-011,산업용 릴레이,104,12000
1684,2026-04-01 16:17:00,520-58-23885,온누리전기,P-003,M12 커넥터,74,8500
1685,2026-04-01 17:53:00,495-17-72762,대성기계,P-003,M12 커넥터,21,8500
1685,2026-04-01 17:53:00,495-17-72762,대성기계,P-009,공압 실린더,4,78000
1685,2026-04-01 17:53:00,495-17-72762,대성기계,P-002,근접 스위치,10,28000
1686,2026-04-01 14:09:00,969-90-43341,은하시스템,P-010,베어링 6204,123,6500
1686,2026-04-01 14:09:00,969-90-43341,은하시스템,P-003,M12 커넥터,88,8500
1687,2026-04-01 15:50:00,929-76-42997,청솔설비,P-004,케이블 하네스,33,15000
1687,2026-04-01 15:50:00,929-76-42997,청솔설비,P-003,M12 커넥터,38,8500
1687,2026-04-01 15:50:00,929-76-42997,청솔설비,P-011,산업용 릴레이,41,12000
1688,2026-04-01 10:24:00,249-77-73046,푸른산업,P-005,PLC 모듈,7,380000
1688,2026-04-01 10:24:00,249-77-73046,푸른산업,P-012,방열 팬 24V,60,9500
1689,2026-04-02 13:48:00,969-90-43341,은하시스템,P-004,케이블 하네스,52,15000
1690,2026-04-02 10:28:00,520-58-23885,온누리전기,P-011,산업용 릴레이,67,12000
1690,2026-04-02 10:28:00,520-58-23885,온누리전기,P-004,케이블 하네스,37,15000
1691,2026-04-02 17:37:00,573-96-76216,미래오토메이션,P-012,방열 팬 24V,26,9500
1692,2026-04-02 14:40:00,969-90-43341,은하시스템,P-008,DIN 레일 전원공급장치,12,65000
1692,2026-04-02 14:40:00,969-90-43341,은하시스템,P-010,베어링 6204,124,6500
1693,2026-04-02 17:00:00,783-27-42751,다온테크,P-003,M12 커넥터,72,8500
1693,2026-04-02 17:00:00,783-27-42751,다온테크,P-008,DIN 레일 전원공급장치,15,65000
1693,2026-04-02 17:00:00,783-27-42751,다온테크,P-010,베어링 6204,101,6500
1694,2026-04-02 11:52:00,784-55-21530,새봄전자,P-002,근접 스위치,12,28000
1695,2026-04-02 09:26:00,249-77-73046,푸른산업,P-003,M12 커넥터,135,8500
1695,2026-04-02 09:26:00,249-77-73046,푸른산업,P-004,케이블 하네스,82,15000
1695,2026-04-02 09:26:00,249-77-73046,푸른산업,P-010,베어링 6204,179,6500
1696,2026-04-02 17:17:00,969-90-43341,은하시스템,P-002,근접 스위치,35,28000
1696,2026-04-02 17:17:00,969-90-43341,은하시스템,P-010,베어링 6204,127,6500
1697,2026-04-02 17:00:00,599-86-84485,가온반도체,P-008,DIN 레일 전원공급장치,13,65000
1698,2026-04-02 15:23:00,573-96-76216,미래오토메이션,P-001,산업용 센서,19,45000
1699,2026-04-02 14:19:00,969-90-43341,은하시스템,P-009,공압 실린더,11,78000
1699,2026-04-02 14:19:00,969-90-43341,은하시스템,P-012,방열 팬 24V,40,9500
1700,2026-04-03 15:06:00,929-76-42997,청솔설비,P-003,M12 커넥터,46,8500
1700,2026-04-03 15:06:00,929-76-42997,청솔설비,P-010,베어링 6204,66,6500
1701,2026-04-03 13:40:00,969-90-43341,은하시스템,P-008,DIN 레일 전원공급장치,18,65000
1702,2026-04-03 17:06:00,550-43-26429,누리금속,P-001,산업용 센서,18,45000
1702,2026-04-03 17:06:00,550-43-26429,누리금속,P-003,M12 커넥터,60,8500
1702,2026-04-03 17:06:00,550-43-26429,누리금속,P-010,베어링 6204,81,6500
1703,2026-04-03 11:46:00,550-43-26429,누리금속,P-012,방열 팬 24V,34,9500
1704,2026-04-03 14:04:00,573-96-76216,미래오토메이션,P-004,케이블 하네스,28,15000
1704,2026-04-03 14:04:00,573-96-76216,미래오토메이션,P-002,근접 스위치,11,28000
1704,2026-04-03 14:04:00,573-96-76216,미래오토메이션,P-003,M12 커넥터,50,8500
1704,2026-04-03 14:04:00,573-96-76216,미래오토메이션,P-012,방열 팬 24V,21,9500
1704,2026-04-03 14:04:00,573-96-76216,미래오토메이션,P-011,산업용 릴레이,53,12000
1705,2026-04-03 09:26:00,933-45-84047,해든로보틱스,P-001,산업용 센서,22,45000
1705,2026-04-03 09:26:00,933-45-84047,해든로보틱스,P-010,베어링 6204,128,6500
1706,2026-04-06 14:11:00,933-45-84047,해든로보틱스,P-003,M12 커넥터,65,8500
1707,2026-04-06 15:15:00,419-49-90380,동서기계,P-010,베어링 6204,72,6500
1708,2026-04-06 15:23:00,520-58-23885,온누리전기,P-003,M12 커넥터,89,8500
1708,2026-04-06 15:23:00,520-58-23885,온누리전기,P-008,DIN 레일 전원공급장치,14,65000
1709,2026-04-06 09:49:00,249-77-73046,푸른산업,P-003,M12 커넥터,114,8500
1709,2026-04-06 09:49:00,249-77-73046,푸른산업,P-002,근접 스위치,42,28000
1710,2026-04-06 15:30:00,815-26-51664,라온메카닉스,P-004,케이블 하네스,31,15000
1710,2026-04-06 15:30:00,815-26-51664,라온메카닉스,P-003,M12 커넥터,36,8500
1711,2026-04-06 11:08:00,181-78-68910,한빛정밀,P-002,근접 스위치,38,28000
1712,2026-04-06 12:46:00,933-45-84047,해든로보틱스,P-001,산업용 센서,25,45000
1712,2026-04-06 12:46:00,933-45-84047,해든로보틱스,P-003,M12 커넥터,61,8500
1713,2026-04-06 17:36:00,520-58-23885,온누리전기,P-008,DIN 레일 전원공급장치,16,65000
1713,2026-04-06 17:36:00,520-58-23885,온누리전기,P-011,산업용 릴레이,64,12000
1713,2026-04-06 17:36:00,520-58-23885,온누리전기,P-012,방열 팬 24V,42,9500
1713,2026-04-06 17:36:00,520-58-23885,온누리전기,P-003,M12 커넥터,70,8500
1714,2026-04-07 09:58:00,419-49-90380,동서기계,P-011,산업용 릴레이,37,12000
1714,2026-04-07 09:58:00,419-49-90380,동서기계,P-004,케이블 하네스,28,15000
1714,2026-04-07 09:58:00,419-49-90380,동서기계,P-012,방열 팬 24V,21,9500
1715,2026-04-07 16:00:00,815-26-51664,라온메카닉스,P-012,방열 팬 24V,18,9500
1715,2026-04-07 16:00:00,815-26-51664,라온메카닉스,P-002,근접 스위치,16,28000
1715,2026-04-07 16:00:00,815-26-51664,라온메카닉스,P-011,산업용 릴레이,30,12000
1716,2026-04-07 17:46:00,505-30-18292,우리엔지니어링,P-004,케이블 하네스,23,15000
1716,2026-04-07 17:46:00,505-30-18292,우리엔지니어링,P-002,근접 스위치,11,28000
1717,2026-04-07 17:43:00,783-27-42751,다온테크,P-001,산업용 센서,26,45000
1718,2026-04-07 10:35:00,784-55-21530,새봄전자,P-010,베어링 6204,37,6500
1718,2026-04-07 10:35:00,784-55-21530,새봄전자,P-005,PLC 모듈,3,380000
1718,2026-04-07 10:35:00,784-55-21530,새봄전자,P-011,산업용 릴레이,36,12000
1719,2026-04-07 14:46:00,815-26-51664,라온메카닉스,P-003,M12 커넥터,34,8500
1719,2026-04-07 14:46:00,815-26-51664,라온메카닉스,P-001,산업용 센서,9,45000
1720,2026-04-07 11:31:00,929-76-42997,청솔설비,P-002,근접 스위치,25,28000
1720,2026-04-07 11:31:00,929-76-42997,청솔설비,P-012,방열 팬 24V,21,9500
1720,2026-04-07 11:31:00,929-76-42997,청솔설비,P-004,케이블 하네스,26,15000
1721,2026-04-07 09:04:00,419-49-90380,동서기계,P-002,근접 스위치,16,28000
1721,2026-04-07 09:04:00,419-49-90380,동서기계,P-001,산업용 센서,11,45000
1721,2026-04-07 09:04:00,419-49-90380,동서기계,P-003,M12 커넥터,58,8500
1721,2026-04-07 09:04:00,419-49-90380,동서기계,P-011,산업용 릴레이,36,12000
1722,2026-04-07 11:07:00,550-43-26429,누리금속,P-003,M12 커넥터,59,8500
1723,2026-04-08 11:51:00,249-77-73046,푸른산업,P-010,베어링 6204,169,6500
1724,2026-04-08 09:38:00,933-45-84047,해든로보틱스,P-005,PLC 모듈,2,380000
1724,2026-04-08 09:38:00,933-45-84047,해든로보틱스,P-002,근접 스위치,31,28000
1724,2026-04-08 09:38:00,933-45-84047,해든로보틱스,P-009,공압 실린더,5,78000
1724,2026-04-08 09:38:00,933-45-84047,해든로보틱스,P-003,M12 커넥터,80,8500
1724,2026-04-08 09:38:00,933-45-84047,해든로보틱스,P-001,산업용 센서,20,45000
1725,2026-04-08 15:14:00,599-86-84485,가온반도체,P-004,케이블 하네스,41,15000
1725,2026-04-08 15:14:00,599-86-84485,가온반도체,P-001,산업용 센서,14,45000
1726,2026-04-08 13:02:00,783-27-42751,다온테크,P-012,방열 팬 24V,31,9500
1726,2026-04-08 13:02:00,783-27-42751,다온테크,P-003,M12 커넥터,72,8500
1726,2026-04-08 13:02:00,783-27-42751,다온테크,P-002,근접 스위치,27,28000
1726,2026-04-08 13:02:00,783-27-42751,다온테크,P-001,산업용 센서,28,45000
1727,2026-04-08 12:43:00,783-27-42751,다온테크,P-001,산업용 센서,27,45000
1728,2026-04-08 10:20:00,550-43-26429,누리금속,P-001,산업용 센서,15,45000
1728,2026-04-08 10:20:00,550-43-26429,누리금속,P-011,산업용 릴레이,43,12000
1729,2026-04-09 10:02:00,783-27-42751,다온테크,P-010,베어링 6204,97,6500
1729,2026-04-09 10:02:00,783-27-42751,다온테크,P-012,방열 팬 24V,38,9500
1730,2026-04-09 16:50:00,419-49-90380,동서기계,P-003,M12 커넥터,39,8500
1730,2026-04-09 16:50:00,419-49-90380,동서기계,P-012,방열 팬 24V,21,9500
1731,2026-04-09 09:46:00,249-77-73046,푸른산업,P-002,근접 스위치,54,28000
1731,2026-04-09 09:46:00,249-77-73046,푸른산업,P-001,산업용 센서,32,45000
1731,2026-04-09 09:46:00,249-77-73046,푸른산업,P-010,베어링 6204,163,6500
1732,2026-04-09 14:45:00,573-96-76216,미래오토메이션,P-001,산업용 센서,20,45000
1732,2026-04-09 14:45:00,573-96-76216,미래오토메이션,P-011,산업용 릴레이,43,12000
1732,2026-04-09 14:45:00,573-96-76216,미래오토메이션,P-004,케이블 하네스,32,15000
1733,2026-04-10 16:18:00,181-78-68910,한빛정밀,P-010,베어링 6204,134,6500
1733,2026-04-10 16:18:00,181-78-68910,한빛정밀,P-001,산업용 센서,26,45000
1733,2026-04-10 16:18:00,181-78-68910,한빛정밀,P-002,근접 스위치,33,28000
1733,2026-04-10 16:18:00,181-78-68910,한빛정밀,P-004,케이블 하네스,60,15000
1734,2026-04-10 17:19:00,784-55-21530,새봄전자,P-002,근접 스위치,12,28000
1734,2026-04-10 17:19:00,784-55-21530,새봄전자,P-003,M12 커넥터,43,8500
1735,2026-04-10 11:03:00,181-78-68910,한빛정밀,P-005,PLC 모듈,1,380000
1736,2026-04-10 11:19:00,933-45-84047,해든로보틱스,P-001,산업용 센서,19,45000
1736,2026-04-10 11:19:00,933-45-84047,해든로보틱스,P-003,M12 커넥터,72,8500
1737,2026-04-10 11:15:00,249-77-73046,푸른산업,P-011,산업용 릴레이,100,12000
1738,2026-04-11 14:51:00,249-77-73046,푸른산업,P-010,베어링 6204,177,6500
1738,2026-04-11 14:51:00,249-77-73046,푸른산업,P-008,DIN 레일 전원공급장치,21,65000
1738,2026-04-11 14:51:00,249-77-73046,푸른산업,P-004,케이블 하네스,93,15000
1738,2026-04-11 14:51:00,249-77-73046,푸른산업,P-012,방열 팬 24V,54,9500
1739,2026-04-13 10:08:00,181-78-68910,한빛정밀,P-003,M12 커넥터,80,8500
1739,2026-04-13 10:08:00,181-78-68910,한빛정밀,P-007,모터 드라이버,6,210000
1740,2026-04-13 12:57:00,495-17-72762,대성기계,P-002,근접 스위치,7,28000
1741,2026-04-13 12:03:00,181-78-68910,한빛정밀,P-003,M12 커넥터,92,8500
1741,2026-04-13 12:03:00,181-78-68910,한빛정밀,P-001,산업용 센서,25,45000
1741,2026-04-13 12:03:00,181-78-68910,한빛정밀,P-008,DIN 레일 전원공급장치,20,65000
1742,2026-04-14 15:44:00,573-96-76216,미래오토메이션,P-001,산업용 센서,17,45000
1742,2026-04-14 15:44:00,573-96-76216,미래오토메이션,P-011,산업용 릴레이,43,12000
1743,2026-04-14 12:27:00,249-77-73046,푸른산업,P-001,산업용 센서,36,45000
1743,2026-04-14 12:27:00,249-77-73046,푸른산업,P-010,베어링 6204,161,6500
1744,2026-04-14 13:49:00,969-90-43341,은하시스템,P-012,방열 팬 24V,44,9500
1744,2026-04-14 13:49:00,969-90-43341,은하시스템,P-010,베어링 6204,118,6500
1744,2026-04-14 13:49:00,969-90-43341,은하시스템,P-006,서보 모터,2,520000
1744,2026-04-14 13:49:00,969-90-43341,은하시스템,P-002,근접 스위치,25,28000
1745,2026-04-14 12:10:00,969-90-43341,은하시스템,P-010,베어링 6204,98,6500
1745,2026-04-14 12:10:00,969-90-43341,은하시스템,P-012,방열 팬 24V,46,9500
1745,2026-04-14 12:10:00,969-90-43341,은하시스템,P-001,산업용 센서,22,45000
1746,2026-04-14 13:42:00,573-96-76216,미래오토메이션,P-010,베어링 6204,65,6500
1747,2026-04-14 16:28:00,550-43-26429,누리금속,P-002,근접 스위치,30,28000
1747,2026-04-14 16:28:00,550-43-26429,누리금속,P-001,산업용 센서,23,45000
1747,2026-04-14 16:28:00,550-43-26429,누리금속,P-004,케이블 하네스,38,15000
1748,2026-04-14 12:37:00,181-78-68910,한빛정밀,P-001,산업용 센서,29,45000
1749,2026-04-14 15:36:00,969-90-43341,은하시스템,P-010,베어링 6204,95,6500
1749,2026-04-14 15:36:00,969-90-43341,은하시스템,P-003,M12 커넥터,96,8500
1749,2026-04-14 15:36:00,969-90-43341,은하시스템,P-002,근접 스위치,42,28000
1750,2026-04-15 11:28:00,520-58-23885,온누리전기,P-001,산업용 센서,20,45000
1751,2026-04-15 11:50:00,181-78-68910,한빛정밀,P-004,케이블 하네스,61,15000
1751,2026-04-15 11:50:00,181-78-68910,한빛정밀,P-008,DIN 레일 전원공급장치,20,65000
1751,2026-04-15 11:50:00,181-78-68910,한빛정밀,P-011,산업용 릴레이,79,12000
1752,2026-04-15 12:57:00,933-45-84047,해든로보틱스,P-006,서보 모터,1,520000
1752,2026-04-15 12:57:00,933-45-84047,해든로보틱스,P-003,M12 커넥터,91,8500
1752,2026-04-15 12:57:00,933-45-84047,해든로보틱스,P-001,산업용 센서,17,45000
1753,2026-04-15 11:54:00,249-77-73046,푸른산업,P-001,산업용 센서,35,45000
1753,2026-04-15 11:54:00,249-77-73046,푸른산업,P-010,베어링 6204,148,6500
1754,2026-04-15 15:38:00,929-76-42997,청솔설비,P-003,M12 커넥터,40,8500
1755,2026-04-15 16:47:00,933-45-84047,해든로보틱스,P-008,DIN 레일 전원공급장치,17,65000
1756,2026-04-16 14:16:00,249-77-73046,푸른산업,P-002,근접 스위치,56,28000
1756,2026-04-16 14:16:00,249-77-73046,푸른산업,P-001,산업용 센서,42,45000
1756,2026-04-16 14:16:00,249-77-73046,푸른산업,P-003,M12 커넥터,139,8500
1757,2026-04-16 15:49:00,933-45-84047,해든로보틱스,P-009,공압 실린더,10,78000
1758,2026-04-16 09:59:00,505-30-18292,우리엔지니어링,P-001,산업용 센서,10,45000
1758,2026-04-16 09:59:00,505-30-18292,우리엔지니어링,P-002,근접 스위치,12,28000
1758,2026-04-16 09:59:00,505-30-18292,우리엔지니어링,P-003,M12 커넥터,37,8500
1758,2026-04-16 09:59:00,505-30-18292,우리엔지니어링,P-012,방열 팬 24V,21,9500
1759,2026-04-16 11:54:00,815-26-51664,라온메카닉스,P-001,산업용 센서,11,45000
1760,2026-04-20 11:53:00,550-43-26429,누리금속,P-004,케이블 하네스,37,15000
1760,2026-04-20 11:53:00,550-43-26429,누리금속,P-009,공압 실린더,11,78000
1761,2026-04-20 11:17:00,783-27-42751,다온테크,P-003,M12 커넥터,75,8500
1762,2026-04-20 17:22:00,933-45-84047,해든로보틱스,P-003,M12 커넥터,79,8500
1762,2026-04-20 17:22:00,933-45-84047,해든로보틱스,P-004,케이블 하네스,54,15000
1763,2026-04-20 14:30:00,573-96-76216,미래오토메이션,P-003,M12 커넥터,47,8500
1763,2026-04-20 14:30:00,573-96-76216,미래오토메이션,P-010,베어링 6204,63,6500
1763,2026-04-20 14:30:00,573-96-76216,미래오토메이션,P-008,DIN 레일 전원공급장치,4,65000
1763,2026-04-20 14:30:00,573-96-76216,미래오토메이션,P-009,공압 실린더,10,78000
1764,2026-04-20 14:18:00,783-27-42751,다온테크,P-010,베어링 6204,90,6500
1765,2026-04-21 14:43:00,249-77-73046,푸른산업,P-004,케이블 하네스,84,15000
1766,2026-04-21 12:59:00,933-45-84047,해든로보틱스,P-010,베어링 6204,105,6500
1766,2026-04-21 12:59:00,933-45-84047,해든로보틱스,P-006,서보 모터,1,520000
1766,2026-04-21 12:59:00,933-45-84047,해든로보틱스,P-012,방열 팬 24V,25,9500
1767,2026-04-21 09:59:00,783-27-42751,다온테크,P-011,산업용 릴레이,82,12000
1768,2026-04-21 15:13:00,969-90-43341,은하시스템,P-010,베어링 6204,106,6500
1768,2026-04-21 15:13:00,969-90-43341,은하시스템,P-006,서보 모터,2,520000
1768,2026-04-21 15:13:00,969-90-43341,은하시스템,P-003,M12 커넥터,79,8500
1769,2026-04-21 16:00:00,495-17-72762,대성기계,P-009,공압 실린더,3,78000
1769,2026-04-21 16:00:00,495-17-72762,대성기계,P-012,방열 팬 24V,5,9500
1769,2026-04-21 16:00:00,495-17-72762,대성기계,P-003,M12 커넥터,14,8500
1770,2026-04-21 16:12:00,933-45-84047,해든로보틱스,P-001,산업용 센서,37,45000
1770,2026-04-21 16:12:00,933-45-84047,해든로보틱스,P-004,케이블 하네스,52,15000
1771,2026-04-21 13:00:00,419-49-90380,동서기계,P-008,DIN 레일 전원공급장치,10,65000
1772,2026-04-21 15:28:00,520-58-23885,온누리전기,P-010,베어링 6204,104,6500
1772,2026-04-21 15:28:00,520-58-23885,온누리전기,P-009,공압 실린더,7,78000
1773,2026-04-21 11:32:00,599-86-84485,가온반도체,P-002,근접 스위치,26,28000
1773,2026-04-21 11:32:00,599-86-84485,가온반도체,P-001,산업용 센서,16,45000
1773,2026-04-21 11:32:00,599-86-84485,가온반도체,P-004,케이블 하네스,31,15000
1773,2026-04-21 11:32:00,599-86-84485,가온반도체,P-010,베어링 6204,62,6500
1773,2026-04-21 11:32:00,599-86-84485,가온반도체,P-003,M12 커넥터,50,8500
1774,2026-04-22 17:36:00,929-76-42997,청솔설비,P-004,케이블 하네스,21,15000
1774,2026-04-22 17:36:00,929-76-42997,청솔설비,P-010,베어링 6204,54,6500
1774,2026-04-22 17:36:00,929-76-42997,청솔설비,P-001,산업용 센서,11,45000
1775,2026-04-22 17:47:00,249-77-73046,푸른산업,P-010,베어링 6204,170,6500
1775,2026-04-22 17:47:00,249-77-73046,푸른산업,P-003,M12 커넥터,122,8500
1775,2026-04-22 17:47:00,249-77-73046,푸른산업,P-007,모터 드라이버,2,210000
1775,2026-04-22 17:47:00,249-77-73046,푸른산업,P-001,산업용 센서,43,45000
1775,2026-04-22 17:47:00,249-77-73046,푸른산업,P-002,근접 스위치,59,28000
1776,2026-04-22 11:34:00,933-45-84047,해든로보틱스,P-010,베어링 6204,106,6500
1776,2026-04-22 11:34:00,933-45-84047,해든로보틱스,P-001,산업용 센서,23,45000
1776,2026-04-22 11:34:00,933-45-84047,해든로보틱스,P-004,케이블 하네스,49,15000
1777,2026-04-22 17:30:00,599-86-84485,가온반도체,P-002,근접 스위치,29,28000
1777,2026-04-22 17:30:00,599-86-84485,가온반도체,P-010,베어링 6204,78,6500
1778,2026-04-22 09:10:00,969-90-43341,은하시스템,P-012,방열 팬 24V,48,9500
1779,2026-04-22 16:50:00,599-86-84485,가온반도체,P-002,근접 스위치,28,28000
1779,2026-04-22 16:50:00,599-86-84485,가온반도체,P-003,M12 커넥터,47,8500
1779,2026-04-22 16:50:00,599-86-84485,가온반도체,P-010,베어링 6204,88,6500
1779,2026-04-22 16:50:00,599-86-84485,가온반도체,P-009,공압 실린더,9,78000
1780,2026-04-23 17:20:00,815-26-51664,라온메카닉스,P-010,베어링 6204,42,6500
1780,2026-04-23 17:20:00,815-26-51664,라온메카닉스,P-002,근접 스위치,17,28000
1780,2026-04-23 17:20:00,815-26-51664,라온메카닉스,P-004,케이블 하네스,24,15000
1780,2026-04-23 17:20:00,815-26-51664,라온메카닉스,P-011,산업용 릴레이,34,12000
1781,2026-04-23 09:38:00,933-45-84047,해든로보틱스,P-002,근접 스위치,32,28000
1782,2026-04-23 17:38:00,249-77-73046,푸른산업,P-004,케이블 하네스,72,15000
1783,2026-04-23 16:17:00,784-55-21530,새봄전자,P-011,산업용 릴레이,28,12000
1783,2026-04-23 16:17:00,784-55-21530,새봄전자,P-003,M12 커넥터,37,8500
1783,2026-04-23 16:17:00,784-55-21530,새봄전자,P-001,산업용 센서,10,45000
1783,2026-04-23 16:17:00,784-55-21530,새봄전자,P-010,베어링 6204,41,6500
1784,2026-04-23 09:23:00,520-58-23885,온누리전기,P-011,산업용 릴레이,65,12000
1784,2026-04-23 09:23:00,520-58-23885,온누리전기,P-001,산업용 센서,22,45000
1784,2026-04-23 09:23:00,520-58-23885,온누리전기,P-003,M12 커넥터,71,8500
1785,2026-04-24 17:24:00,520-58-23885,온누리전기,P-003,M12 커넥터,76,8500
1786,2026-04-24 14:42:00,249-77-73046,푸른산업,P-010,베어링 6204,135,6500
1787,2026-04-24 15:05:00,419-49-90380,동서기계,P-009,공압 실린더,7,78000
1787,2026-04-24 15:05:00,419-49-90380,동서기계,P-004,케이블 하네스,22,15000
1788,2026-04-24 15:13:00,520-58-23885,온누리전기,P-002,근접 스위치,34,28000
1788,2026-04-24 15:13:00,520-58-23885,온누리전기,P-012,방열 팬 24V,31,9500
1789,2026-04-24 15:50:00,249-77-73046,푸른산업,P-003,M12 커넥터,126,8500
1789,2026-04-24 15:50:00,249-77-73046,푸른산업,P-011,산업용 릴레이,83,12000
1789,2026-04-24 15:50:00,249-77-73046,푸른산업,P-009,공압 실린더,16,78000
1789,2026-04-24 15:50:00,249-77-73046,푸른산업,P-010,베어링 6204,154,6500
1790,2026-04-24 09:21:00,505-30-18292,우리엔지니어링,P-011,산업용 릴레이,26,12000
1790,2026-04-24 09:21:00,505-30-18292,우리엔지니어링,P-008,DIN 레일 전원공급장치,6,65000
1791,2026-04-27 13:35:00,505-30-18292,우리엔지니어링,P-012,방열 팬 24V,18,9500
1791,2026-04-27 13:35:00,505-30-18292,우리엔지니어링,P-010,베어링 6204,53,6500
1792,2026-04-27 12:04:00,933-45-84047,해든로보틱스,P-010,베어링 6204,100,6500
1792,2026-04-27 12:04:00,933-45-84047,해든로보틱스,P-003,M12 커넥터,75,8500
1792,2026-04-27 12:04:00,933-45-84047,해든로보틱스,P-008,DIN 레일 전원공급장치,9,65000
1792,2026-04-27 12:04:00,933-45-84047,해든로보틱스,P-011,산업용 릴레이,73,12000
1793,2026-04-27 10:38:00,495-17-72762,대성기계,P-012,방열 팬 24V,9,9500
1793,2026-04-27 10:38:00,495-17-72762,대성기계,P-001,산업용 센서,8,45000
1793,2026-04-27 10:38:00,495-17-72762,대성기계,P-008,DIN 레일 전원공급장치,4,65000
1794,2026-04-27 15:29:00,573-96-76216,미래오토메이션,P-008,DIN 레일 전원공급장치,4,65000
1795,2026-04-27 10:40:00,249-77-73046,푸른산업,P-004,케이블 하네스,86,15000
1795,2026-04-27 10:40:00,249-77-73046,푸른산업,P-008,DIN 레일 전원공급장치,20,65000
1795,2026-04-27 10:40:00,249-77-73046,푸른산업,P-003,M12 커넥터,119,8500
1795,2026-04-27 10:40:00,249-77-73046,푸른산업,P-001,산업용 센서,45,45000
1795,2026-04-27 10:40:00,249-77-73046,푸른산업,P-011,산업용 릴레이,108,12000
1796,2026-04-27 11:36:00,550-43-26429,누리금속,P-004,케이블 하네스,43,15000
1797,2026-04-28 09:56:00,520-58-23885,온누리전기,P-004,케이블 하네스,52,15000
1797,2026-04-28 09:56:00,520-58-23885,온누리전기,P-010,베어링 6204,107,6500
1798,2026-04-28 17:39:00,181-78-68910,한빛정밀,P-010,베어링 6204,129,6500
1799,2026-04-28 12:47:00,520-58-23885,온누리전기,P-004,케이블 하네스,40,15000
1799,2026-04-28 12:47:00,520-58-23885,온누리전기,P-002,근접 스위치,25,28000
1800,2026-04-28 11:03:00,969-90-43341,은하시스템,P-002,근접 스위치,40,28000
1801,2026-04-28 10:20:00,783-27-42751,다온테크,P-012,방열 팬 24V,37,9500
1801,2026-04-28 10:20:00,783-27-42751,다온테크,P-002,근접 스위치,41,28000
1801,2026-04-28 10:20:00,783-27-42751,다온테크,P-008,DIN 레일 전원공급장치,14,65000
1802,2026-04-28 17:33:00,419-49-90380,동서기계,P-002,근접 스위치,21,28000
1802,2026-04-28 17:33:00,419-49-90380,동서기계,P-001,산업용 센서,13,45000
1802,2026-04-28 17:33:00,419-49-90380,동서기계,P-004,케이블 하네스,33,15000
1802,2026-04-28 17:33:00,419-49-90380,동서기계,P-011,산업용 릴레이,48,12000
1803,2026-04-29 10:37:00,599-86-84485,가온반도체,P-003,M12 커넥터,47,8500
1803,2026-04-29 10:37:00,599-86-84485,가온반도체,P-001,산업용 센서,20,45000
1804,2026-04-29 16:17:00,783-27-42751,다온테크,P-004,케이블 하네스,53,15000
1804,2026-04-29 16:17:00,783-27-42751,다온테크,P-001,산업용 센서,23,45000
1805,2026-04-29 14:32:00,969-90-43341,은하시스템,P-001,산업용 센서,28,45000
1805,2026-04-29 14:32:00,969-90-43341,은하시스템,P-011,산업용 릴레이,73,12000
1805,2026-04-29 14:32:00,969-90-43341,은하시스템,P-002,근접 스위치,34,28000
1806,2026-04-29 09:00:00,969-90-43341,은하시스템,P-004,케이블 하네스,70,15000
1806,2026-04-29 09:00:00,969-90-43341,은하시스템,P-002,근접 스위치,36,28000
1807,2026-04-29 11:15:00,784-55-21530,새봄전자,P-001,산업용 센서,8,45000
1808,2026-04-29 17:33:00,520-58-23885,온누리전기,P-010,베어링 6204,110,6500
1809,2026-04-30 16:21:00,520-58-23885,온누리전기,P-001,산업용 센서,21,45000
1810,2026-04-30 13:53:00,249-77-73046,푸른산업,P-012,방열 팬 24V,63,9500
1810,2026-04-30 13:53:00,249-77-73046,푸른산업,P-010,베어링 6204,191,6500
1810,2026-04-30 13:53:00,249-77-73046,푸른산업,P-004,케이블 하네스,72,15000
1810,2026-04-30 13:53:00,249-77-73046,푸른산업,P-002,근접 스위치,46,28000
1811,2026-04-30 09:06:00,550-43-26429,누리금속,P-008,DIN 레일 전원공급장치,8,65000
1812,2026-04-30 09:06:00,815-26-51664,라온메카닉스,P-001,산업용 센서,13,45000
1812,2026-04-30 09:06:00,815-26-51664,라온메카닉스,P-005,PLC 모듈,1,380000
1812,2026-04-30 09:06:00,815-26-51664,라온메카닉스,P-003,M12 커넥터,28,8500
1813,2026-04-30 10:28:00,520-58-23885,온누리전기,P-010,베어링 6204,102,6500
1813,2026-04-30 10:28:00,520-58-23885,온누리전기,P-009,공압 실린더,7,78000
1814,2026-04-30 14:18:00,573-96-76216,미래오토메이션,P-001,산업용 센서,13,45000
1814,2026-04-30 14:18:00,573-96-76216,미래오토메이션,P-011,산업용 릴레이,35,12000
1815,2026-05-01 16:35:00,783-27-42751,다온테크,P-011,산업용 릴레이,64,12000
1815,2026-05-01 16:35:00,783-27-42751,다온테크,P-008,DIN 레일 전원공급장치,11,65000
1815,2026-05-01 16:35:00,783-27-42751,다온테크,P-001,산업용 센서,20,45000
1815,2026-05-01 16:35:00,783-27-42751,다온테크,P-010,베어링 6204,90,6500
1816,2026-05-01 14:54:00,419-49-90380,동서기계,P-002,근접 스위치,25,28000
1816,2026-05-01 14:54:00,419-49-90380,동서기계,P-010,베어링 6204,60,6500
1816,2026-05-01 14:54:00,419-49-90380,동서기계,P-001,산업용 센서,17,45000
1817,2026-05-01 16:55:00,550-43-26429,누리금속,P-004,케이블 하네스,39,15000
1817,2026-05-01 16:55:00,550-43-26429,누리금속,P-003,M12 커넥터,76,8500
1817,2026-05-01 16:55:00,550-43-26429,누리금속,P-001,산업용 센서,23,45000
1818,2026-05-02 10:44:00,573-96-76216,미래오토메이션,P-005,PLC 모듈,3,380000
1819,2026-05-04 14:24:00,505-30-18292,우리엔지니어링,P-008,DIN 레일 전원공급장치,4,65000
1819,2026-05-04 14:24:00,505-30-18292,우리엔지니어링,P-004,케이블 하네스,18,15000
1820,2026-05-04 09:53:00,969-90-43341,은하시스템,P-003,M12 커넥터,88,8500
1820,2026-05-04 09:53:00,969-90-43341,은하시스템,P-012,방열 팬 24V,44,9500
1821,2026-05-04 15:42:00,815-26-51664,라온메카닉스,P-004,케이블 하네스,18,15000
1822,2026-05-04 12:17:00,419-49-90380,동서기계,P-004,케이블 하네스,37,15000
1822,2026-05-04 12:17:00,419-49-90380,동서기계,P-010,베어링 6204,57,6500
1823,2026-05-04 15:45:00,969-90-43341,은하시스템,P-003,M12 커넥터,100,8500
1823,2026-05-04 15:45:00,969-90-43341,은하시스템,P-010,베어링 6204,103,6500
1824,2026-05-04 15:34:00,969-90-43341,은하시스템,P-009,공압 실린더,13,78000
1824,2026-05-04 15:34:00,969-90-43341,은하시스템,P-002,근접 스위치,41,28000
1825,2026-05-04 14:49:00,550-43-26429,누리금속,P-012,방열 팬 24V,29,9500
1825,2026-05-04 14:49:00,550-43-26429,누리금속,P-007,모터 드라이버,1,210000
1825,2026-05-04 14:49:00,550-43-26429,누리금속,P-004,케이블 하네스,46,15000
1825,2026-05-04 14:49:00,550-43-26429,누리금속,P-002,근접 스위치,25,28000
1825,2026-05-04 14:49:00,550-43-26429,누리금속,P-010,베어링 6204,82,6500
1826,2026-05-04 13:36:00,599-86-84485,가온반도체,P-003,M12 커넥터,47,8500
1826,2026-05-04 13:36:00,599-86-84485,가온반도체,P-002,근접 스위치,16,28000
1827,2026-05-04 11:06:00,249-77-73046,푸른산업,P-010,베어링 6204,156,6500
1828,2026-05-05 11:30:00,573-96-76216,미래오토메이션,P-002,근접 스위치,16,28000
1828,2026-05-05 11:30:00,573-96-76216,미래오토메이션,P-001,산업용 센서,10,45000
1829,2026-05-05 17:38:00,933-45-84047,해든로보틱스,P-008,DIN 레일 전원공급장치,10,65000
1830,2026-05-05 15:04:00,783-27-42751,다온테크,P-010,베어링 6204,86,6500
1830,2026-05-05 15:04:00,783-27-42751,다온테크,P-009,공압 실린더,10,78000
1830,2026-05-05 15:04:00,783-27-42751,다온테크,P-003,M12 커넥터,67,8500
1830,2026-05-05 15:04:00,783-27-42751,다온테크,P-011,산업용 릴레이,49,12000
1831,2026-05-05 16:24:00,783-27-42751,다온테크,P-012,방열 팬 24V,44,9500
1831,2026-05-05 16:24:00,783-27-42751,다온테크,P-001,산업용 센서,35,45000
1832,2026-05-05 16:44:00,969-90-43341,은하시스템,P-002,근접 스위치,42,28000
1833,2026-05-05 15:41:00,933-45-84047,해든로보틱스,P-011,산업용 릴레이,72,12000
1833,2026-05-05 15:41:00,933-45-84047,해든로보틱스,P-001,산업용 센서,23,45000
1834,2026-05-05 16:36:00,520-58-23885,온누리전기,P-010,베어링 6204,86,6500
1834,2026-05-05 16:36:00,520-58-23885,온누리전기,P-004,케이블 하네스,53,15000
1835,2026-05-06 12:46:00,933-45-84047,해든로보틱스,P-004,케이블 하네스,41,15000
1836,2026-05-06 09:38:00,249-77-73046,푸른산업,P-010,베어링 6204,168,6500
1836,2026-05-06 09:38:00,249-77-73046,푸른산업,P-009,공압 실린더,16,78000
1837,2026-05-06 14:52:00,419-49-90380,동서기계,P-005,PLC 모듈,1,380000
1837,2026-05-06 14:52:00,419-49-90380,동서기계,P-008,DIN 레일 전원공급장치,9,65000
1838,2026-05-06 10:52:00,784-55-21530,새봄전자,P-003,M12 커넥터,24,8500
1838,2026-05-06 10:52:00,784-55-21530,새봄전자,P-004,케이블 하네스,26,15000
1838,2026-05-06 10:52:00,784-55-21530,새봄전자,P-002,근접 스위치,20,28000
1839,2026-05-07 11:17:00,550-43-26429,누리금속,P-012,방열 팬 24V,31,9500
1840,2026-05-07 10:30:00,550-43-26429,누리금속,P-004,케이블 하네스,47,15000
1841,2026-05-07 17:44:00,783-27-42751,다온테크,P-002,근접 스위치,16,28000
1841,2026-05-07 17:44:00,783-27-42751,다온테크,P-012,방열 팬 24V,42,9500
1842,2026-05-07 14:12:00,969-90-43341,은하시스템,P-001,산업용 센서,36,45000
1843,2026-05-08 14:44:00,520-58-23885,온누리전기,P-010,베어링 6204,95,6500
1843,2026-05-08 14:44:00,520-58-23885,온누리전기,P-002,근접 스위치,35,28000
1844,2026-05-08 09:27:00,969-90-43341,은하시스템,P-002,근접 스위치,39,28000
1844,2026-05-08 09:27:00,969-90-43341,은하시스템,P-011,산업용 릴레이,65,12000
1845,2026-05-08 16:11:00,249-77-73046,푸른산업,P-007,모터 드라이버,9,210000
1846,2026-05-08 14:33:00,249-77-73046,푸른산업,P-003,M12 커넥터,122,8500
1847,2026-05-11 09:53:00,181-78-68910,한빛정밀,P-007,모터 드라이버,6,210000
1848,2026-05-11 14:26:00,933-45-84047,해든로보틱스,P-010,베어링 6204,96,6500
1848,2026-05-11 14:26:00,933-45-84047,해든로보틱스,P-004,케이블 하네스,49,15000
1848,2026-05-11 14:26:00,933-45-84047,해든로보틱스,P-002,근접 스위치,28,28000
1849,2026-05-11 15:13:00,933-45-84047,해든로보틱스,P-003,M12 커넥터,88,8500
1850,2026-05-11 17:54:00,520-58-23885,온누리전기,P-007,모터 드라이버,2,210000
1850,2026-05-11 17:54:00,520-58-23885,온누리전기,P-002,근접 스위치,38,28000
1850,2026-05-11 17:54:00,520-58-23885,온누리전기,P-001,산업용 센서,16,45000
1851,2026-05-11 14:49:00,573-96-76216,미래오토메이션,P-001,산업용 센서,15,45000
1851,2026-05-11 14:49:00,573-96-76216,미래오토메이션,P-010,베어링 6204,78,6500
1852,2026-05-12 13:10:00,505-30-18292,우리엔지니어링,P-005,PLC 모듈,2,380000
1852,2026-05-12 13:10:00,505-30-18292,우리엔지니어링,P-003,M12 커넥터,34,8500
1852,2026-05-12 13:10:00,505-30-18292,우리엔지니어링,P-010,베어링 6204,49,6500
1853,2026-05-12 16:49:00,419-49-90380,동서기계,P-002,근접 스위치,17,28000
1853,2026-05-12 16:49:00,419-49-90380,동서기계,P-010,베어링 6204,72,6500
1854,2026-05-12 13:49:00,495-17-72762,대성기계,P-001,산업용 센서,3,45000
1855,2026-05-12 14:18:00,495-17-72762,대성기계,P-001,산업용 센서,7,45000
1856,2026-05-12 12:24:00,520-58-23885,온누리전기,P-001,산업용 센서,24,45000
1856,2026-05-12 12:24:00,520-58-23885,온누리전기,P-010,베어링 6204,95,6500
1856,2026-05-12 12:24:00,520-58-23885,온누리전기,P-003,M12 커넥터,72,8500
1856,2026-05-12 12:24:00,520-58-23885,온누리전기,P-004,케이블 하네스,36,15000
1857,2026-05-13 17:42:00,249-77-73046,푸른산업,P-003,M12 커넥터,117,8500
1857,2026-05-13 17:42:00,249-77-73046,푸른산업,P-002,근접 스위치,48,28000
1857,2026-05-13 17:42:00,249-77-73046,푸른산업,P-008,DIN 레일 전원공급장치,20,65000
1857,2026-05-13 17:42:00,249-77-73046,푸른산업,P-004,케이블 하네스,78,15000
1858,2026-05-13 16:08:00,573-96-76216,미래오토메이션,P-001,산업용 센서,19,45000
1858,2026-05-13 16:08:00,573-96-76216,미래오토메이션,P-002,근접 스위치,18,28000
1859,2026-05-13 09:39:00,599-86-84485,가온반도체,P-001,산업용 센서,19,45000
1860,2026-05-13 10:22:00,419-49-90380,동서기계,P-005,PLC 모듈,4,380000
1861,2026-05-14 13:10:00,969-90-43341,은하시스템,P-002,근접 스위치,42,28000
1862,2026-05-14 10:49:00,784-55-21530,새봄전자,P-012,방열 팬 24V,16,9500
1862,2026-05-14 10:49:00,784-55-21530,새봄전자,P-001,산업용 센서,11,45000
1862,2026-05-14 10:49:00,784-55-21530,새봄전자,P-004,케이블 하네스,30,15000
1863,2026-05-14 09:03:00,784-55-21530,새봄전자,P-003,M12 커넥터,31,8500
1863,2026-05-14 09:03:00,784-55-21530,새봄전자,P-008,DIN 레일 전원공급장치,5,65000
1864,2026-05-14 09:02:00,249-77-73046,푸른산업,P-012,방열 팬 24V,52,9500
1864,2026-05-14 09:02:00,249-77-73046,푸른산업,P-004,케이블 하네스,84,15000
1865,2026-05-14 10:38:00,181-78-68910,한빛정밀,P-010,베어링 6204,118,6500
1866,2026-05-15 10:18:00,929-76-42997,청솔설비,P-004,케이블 하네스,27,15000
1867,2026-05-15 12:56:00,969-90-43341,은하시스템,P-004,케이블 하네스,58,15000
1867,2026-05-15 12:56:00,969-90-43341,은하시스템,P-003,M12 커넥터,85,8500
1867,2026-05-15 12:56:00,969-90-43341,은하시스템,P-010,베어링 6204,118,6500
1867,2026-05-15 12:56:00,969-90-43341,은하시스템,P-002,근접 스위치,30,28000
1868,2026-05-15 12:03:00,419-49-90380,동서기계,P-010,베어링 6204,64,6500
1868,2026-05-15 12:03:00,419-49-90380,동서기계,P-004,케이블 하네스,34,15000
1869,2026-05-18 12:58:00,573-96-76216,미래오토메이션,P-011,산업용 릴레이,35,12000
1870,2026-05-18 17:33:00,520-58-23885,온누리전기,P-003,M12 커넥터,81,8500
1871,2026-05-18 10:20:00,783-27-42751,다온테크,P-011,산업용 릴레이,52,12000
1872,2026-05-19 13:59:00,933-45-84047,해든로보틱스,P-008,DIN 레일 전원공급장치,11,65000
1872,2026-05-19 13:59:00,933-45-84047,해든로보틱스,P-012,방열 팬 24V,35,9500
1872,2026-05-19 13:59:00,933-45-84047,해든로보틱스,P-004,케이블 하네스,58,15000
1873,2026-05-19 16:20:00,784-55-21530,새봄전자,P-002,근접 스위치,11,28000
1874,2026-05-19 14:26:00,783-27-42751,다온테크,P-012,방열 팬 24V,30,9500
1874,2026-05-19 14:26:00,783-27-42751,다온테크,P-002,근접 스위치,27,28000
1874,2026-05-19 14:26:00,783-27-42751,다온테크,P-001,산업용 센서,28,45000
1874,2026-05-19 14:26:00,783-27-42751,다온테크,P-003,M12 커넥터,64,8500
1874,2026-05-19 14:26:00,783-27-42751,다온테크,P-006,서보 모터,5,520000
1875,2026-05-19 14:59:00,249-77-73046,푸른산업,P-004,케이블 하네스,76,15000
1876,2026-05-19 09:28:00,495-17-72762,대성기계,P-001,산업용 센서,11,45000
1876,2026-05-19 09:28:00,495-17-72762,대성기계,P-002,근접 스위치,3,28000
1876,2026-05-19 09:28:00,495-17-72762,대성기계,P-003,M12 커넥터,17,8500
1877,2026-05-20 12:52:00,181-78-68910,한빛정밀,P-010,베어링 6204,120,6500
1877,2026-05-20 12:52:00,181-78-68910,한빛정밀,P-011,산업용 릴레이,87,12000
1877,2026-05-20 12:52:00,181-78-68910,한빛정밀,P-002,근접 스위치,46,28000
1877,2026-05-20 12:52:00,181-78-68910,한빛정밀,P-003,M12 커넥터,78,8500
1878,2026-05-20 13:38:00,573-96-76216,미래오토메이션,P-002,근접 스위치,23,28000
1878,2026-05-20 13:38:00,573-96-76216,미래오토메이션,P-004,케이블 하네스,32,15000
1879,2026-05-20 17:19:00,495-17-72762,대성기계,P-010,베어링 6204,28,6500
1880,2026-05-20 14:38:00,933-45-84047,해든로보틱스,P-004,케이블 하네스,52,15000
1880,2026-05-20 14:38:00,933-45-84047,해든로보틱스,P-003,M12 커넥터,77,8500
1880,2026-05-20 14:38:00,933-45-84047,해든로보틱스,P-010,베어링 6204,101,6500
1881,2026-05-21 11:08:00,495-17-72762,대성기계,P-003,M12 커넥터,10,8500
1881,2026-05-21 11:08:00,495-17-72762,대성기계,P-012,방열 팬 24V,9,9500
1881,2026-05-21 11:08:00,495-17-72762,대성기계,P-001,산업용 센서,5,45000
1882,2026-05-21 16:07:00,573-96-76216,미래오토메이션,P-008,DIN 레일 전원공급장치,8,65000
1883,2026-05-21 15:32:00,550-43-26429,누리금속,P-003,M12 커넥터,57,8500
1884,2026-05-21 10:06:00,815-26-51664,라온메카닉스,P-010,베어링 6204,45,6500
1885,2026-05-21 13:38:00,550-43-26429,누리금속,P-010,베어링 6204,74,6500
1885,2026-05-21 13:38:00,550-43-26429,누리금속,P-002,근접 스위치,28,28000
1886,2026-05-21 12:23:00,550-43-26429,누리금속,P-010,베어링 6204,77,6500
1886,2026-05-21 12:23:00,550-43-26429,누리금속,P-004,케이블 하네스,39,15000
1886,2026-05-21 12:23:00,550-43-26429,누리금속,P-002,근접 스위치,27,28000
1887,2026-05-22 16:36:00,495-17-72762,대성기계,P-001,산업용 센서,7,45000
1887,2026-05-22 16:36:00,495-17-72762,대성기계,P-002,근접 스위치,7,28000
1887,2026-05-22 16:36:00,495-17-72762,대성기계,P-011,산업용 릴레이,19,12000
1888,2026-05-22 15:18:00,969-90-43341,은하시스템,P-004,케이블 하네스,65,15000
1889,2026-05-22 17:06:00,181-78-68910,한빛정밀,P-009,공압 실린더,8,78000
1889,2026-05-22 17:06:00,181-78-68910,한빛정밀,P-010,베어링 6204,137,6500
1890,2026-05-24 09:23:00,929-76-42997,청솔설비,P-003,M12 커넥터,42,8500
1890,2026-05-24 09:23:00,929-76-42997,청솔설비,P-002,근접 스위치,20,28000
1890,2026-05-24 09:23:00,929-76-42997,청솔설비,P-008,DIN 레일 전원공급장치,6,65000
1890,2026-05-24 09:23:00,929-76-42997,청솔설비,P-009,공압 실린더,5,78000
1891,2026-05-25 13:40:00,505-30-18292,우리엔지니어링,P-011,산업용 릴레이,29,12000
1892,2026-05-25 17:58:00,573-96-76216,미래오토메이션,P-012,방열 팬 24V,103,9500
1893,2026-05-25 16:36:00,520-58-23885,온누리전기,P-008,DIN 레일 전원공급장치,18,65000
1893,2026-05-25 16:36:00,520-58-23885,온누리전기,P-010,베어링 6204,90,6500
1894,2026-05-26 13:10:00,929-76-42997,청솔설비,P-001,산업용 센서,13,45000
1895,2026-05-26 11:03:00,520-58-23885,온누리전기,P-004,케이블 하네스,48,15000
1895,2026-05-26 11:03:00,520-58-23885,온누리전기,P-010,베어링 6204,100,6500
1895,2026-05-26 11:03:00,520-58-23885,온누리전기,P-002,근접 스위치,24,28000
1896,2026-05-26 11:03:00,969-90-43341,은하시스템,P-006,서보 모터,3,520000
1896,2026-05-26 11:03:00,969-90-43341,은하시스템,P-011,산업용 릴레이,70,12000
1896,2026-05-26 11:03:00,969-90-43341,은하시스템,P-008,DIN 레일 전원공급장치,14,65000
1897,2026-05-26 13:06:00,573-96-76216,미래오토메이션,P-010,베어링 6204,56,6500
1898,2026-05-27 10:34:00,495-17-72762,대성기계,P-002,근접 스위치,5,28000
1899,2026-05-27 15:34:00,249-77-73046,푸른산업,P-010,베어링 6204,161,6500
1900,2026-05-27 09:32:00,784-55-21530,새봄전자,P-008,DIN 레일 전원공급장치,7,65000
1900,2026-05-27 09:32:00,784-55-21530,새봄전자,P-001,산업용 센서,13,45000
1900,2026-05-27 09:32:00,784-55-21530,새봄전자,P-003,M12 커넥터,44,8500
1901,2026-05-28 10:38:00,419-49-90380,동서기계,P-004,케이블 하네스,38,15000
1901,2026-05-28 10:38:00,419-49-90380,동서기계,P-002,근접 스위치,16,28000
1901,2026-05-28 10:38:00,419-49-90380,동서기계,P-006,서보 모터,2,520000
1901,2026-05-28 10:38:00,419-49-90380,동서기계,P-008,DIN 레일 전원공급장치,9,65000
1902,2026-05-28 14:41:00,969-90-43341,은하시스템,P-004,케이블 하네스,55,15000
1902,2026-05-28 14:41:00,969-90-43341,은하시스템,P-011,산업용 릴레이,61,12000
1903,2026-05-28 12:13:00,815-26-51664,라온메카닉스,P-011,산업용 릴레이,25,12000
1903,2026-05-28 12:13:00,815-26-51664,라온메카닉스,P-010,베어링 6204,50,6500
1904,2026-05-28 12:36:00,550-43-26429,누리금속,P-008,DIN 레일 전원공급장치,7,65000
1904,2026-05-28 12:36:00,550-43-26429,누리금속,P-001,산업용 센서,18,45000
1905,2026-05-28 16:21:00,249-77-73046,푸른산업,P-001,산업용 센서,57,45000
1905,2026-05-28 16:21:00,249-77-73046,푸른산업,P-003,M12 커넥터,129,8500
1906,2026-05-28 10:21:00,249-77-73046,푸른산업,P-010,베어링 6204,142,6500
1906,2026-05-28 10:21:00,249-77-73046,푸른산업,P-012,방열 팬 24V,57,9500
1906,2026-05-28 10:21:00,249-77-73046,푸른산업,P-011,산업용 릴레이,99,12000
1906,2026-05-28 10:21:00,249-77-73046,푸른산업,P-003,M12 커넥터,112,8500
1907,2026-05-28 15:59:00,929-76-42997,청솔설비,P-004,케이블 하네스,33,15000
1907,2026-05-28 15:59:00,929-76-42997,청솔설비,P-001,산업용 센서,17,45000
1907,2026-05-28 15:59:00,929-76-42997,청솔설비,P-007,모터 드라이버,2,210000
1907,2026-05-28 15:59:00,929-76-42997,청솔설비,P-010,베어링 6204,57,6500
1908,2026-05-28 12:43:00,784-55-21530,새봄전자,P-004,케이블 하네스,22,15000
1908,2026-05-28 12:43:00,784-55-21530,새봄전자,P-011,산업용 릴레이,22,12000
1908,2026-05-28 12:43:00,784-55-21530,새봄전자,P-010,베어링 6204,54,6500
1909,2026-05-28 12:49:00,933-45-84047,해든로보틱스,P-002,근접 스위치,32,28000
1909,2026-05-28 12:49:00,933-45-84047,해든로보틱스,P-010,베어링 6204,103,6500
1909,2026-05-28 12:49:00,933-45-84047,해든로보틱스,P-003,M12 커넥터,83,8500
1909,2026-05-28 12:49:00,933-45-84047,해든로보틱스,P-008,DIN 레일 전원공급장치,18,65000
1910,2026-05-29 17:28:00,933-45-84047,해든로보틱스,P-001,산업용 센서,25,45000
1910,2026-05-29 17:28:00,933-45-84047,해든로보틱스,P-012,방열 팬 24V,42,9500
1910,2026-05-29 17:28:00,933-45-84047,해든로보틱스,P-003,M12 커넥터,89,8500
1911,2026-05-29 14:56:00,419-49-90380,동서기계,P-005,PLC 모듈,6,380000
1912,2026-05-29 17:57:00,933-45-84047,해든로보틱스,P-007,모터 드라이버,6,210000
1912,2026-05-29 17:57:00,933-45-84047,해든로보틱스,P-004,케이블 하네스,59,15000
1912,2026-05-29 17:57:00,933-45-84047,해든로보틱스,P-010,베어링 6204,125,6500
1912,2026-05-29 17:57:00,933-45-84047,해든로보틱스,P-003,M12 커넥터,91,8500
1913,2026-05-29 12:57:00,929-76-42997,청솔설비,P-003,M12 커넥터,37,8500
1913,2026-05-29 12:57:00,929-76-42997,청솔설비,P-010,베어링 6204,57,6500
1913,2026-05-29 12:57:00,929-76-42997,청솔설비,P-001,산업용 센서,24,45000
1914,2026-05-30 17:14:00,929-76-42997,청솔설비,P-001,산업용 센서,15,45000
1915,2026-05-31 16:16:00,505-30-18292,우리엔지니어링,P-012,방열 팬 24V,13,9500
1916,2026-06-01 17:50:00,505-30-18292,우리엔지니어링,P-002,근접 스위치,11,28000
1917,2026-06-02 12:19:00,520-58-23885,온누리전기,P-003,M12 커넥터,73,8500
1917,2026-06-02 12:19:00,520-58-23885,온누리전기,P-010,베어링 6204,97,6500
1917,2026-06-02 12:19:00,520-58-23885,온누리전기,P-009,공압 실린더,12,78000
1917,2026-06-02 12:19:00,520-58-23885,온누리전기,P-002,근접 스위치,36,28000
1918,2026-06-02 13:20:00,550-43-26429,누리금속,P-009,공압 실린더,12,78000
1918,2026-06-02 13:20:00,550-43-26429,누리금속,P-011,산업용 릴레이,59,12000
1919,2026-06-02 15:10:00,249-77-73046,푸른산업,P-001,산업용 센서,38,45000
1919,2026-06-02 15:10:00,249-77-73046,푸른산업,P-003,M12 커넥터,125,8500
1920,2026-06-02 09:27:00,419-49-90380,동서기계,P-006,서보 모터,2,520000
1920,2026-06-02 09:27:00,419-49-90380,동서기계,P-004,케이블 하네스,22,15000
1920,2026-06-02 09:27:00,419-49-90380,동서기계,P-003,M12 커넥터,43,8500
1920,2026-06-02 09:27:00,419-49-90380,동서기계,P-002,근접 스위치,17,28000
1921,2026-06-02 15:03:00,249-77-73046,푸른산업,P-004,케이블 하네스,98,15000
1922,2026-06-02 09:33:00,505-30-18292,우리엔지니어링,P-011,산업용 릴레이,24,12000
1922,2026-06-02 09:33:00,505-30-18292,우리엔지니어링,P-004,케이블 하네스,18,15000
1923,2026-06-02 09:09:00,815-26-51664,라온메카닉스,P-002,근접 스위치,20,28000
1923,2026-06-02 09:09:00,815-26-51664,라온메카닉스,P-003,M12 커넥터,39,8500
1924,2026-06-02 15:53:00,550-43-26429,누리금속,P-008,DIN 레일 전원공급장치,8,65000
1924,2026-06-02 15:53:00,550-43-26429,누리금속,P-012,방열 팬 24V,32,9500
1925,2026-06-02 13:38:00,249-77-73046,푸른산업,P-010,베어링 6204,168,6500
1925,2026-06-02 13:38:00,249-77-73046,푸른산업,P-004,케이블 하네스,83,15000
1926,2026-06-02 13:08:00,969-90-43341,은하시스템,P-004,케이블 하네스,63,15000
1926,2026-06-02 13:08:00,969-90-43341,은하시스템,P-011,산업용 릴레이,81,12000
1926,2026-06-02 13:08:00,969-90-43341,은하시스템,P-001,산업용 센서,40,45000
1927,2026-06-03 12:51:00,249-77-73046,푸른산업,P-004,케이블 하네스,91,15000
1928,2026-06-03 14:27:00,249-77-73046,푸른산업,P-011,산업용 릴레이,109,12000
1928,2026-06-03 14:27:00,249-77-73046,푸른산업,P-001,산업용 센서,28,45000
1928,2026-06-03 14:27:00,249-77-73046,푸른산업,P-003,M12 커넥터,129,8500
1929,2026-06-03 09:30:00,520-58-23885,온누리전기,P-003,M12 커넥터,78,8500
1930,2026-06-03 17:37:00,969-90-43341,은하시스템,P-010,베어링 6204,123,6500
1930,2026-06-03 17:37:00,969-90-43341,은하시스템,P-012,방열 팬 24V,32,9500
1930,2026-06-03 17:37:00,969-90-43341,은하시스템,P-001,산업용 센서,25,45000
1931,2026-06-03 17:33:00,783-27-42751,다온테크,P-003,M12 커넥터,71,8500
1931,2026-06-03 17:33:00,783-27-42751,다온테크,P-011,산업용 릴레이,67,12000
1932,2026-06-03 16:49:00,550-43-26429,누리금속,P-002,근접 스위치,27,28000
1932,2026-06-03 16:49:00,550-43-26429,누리금속,P-004,케이블 하네스,35,15000
1933,2026-06-03 17:18:00,249-77-73046,푸른산업,P-004,케이블 하네스,87,15000
1933,2026-06-03 17:18:00,249-77-73046,푸른산업,P-010,베어링 6204,159,6500
1934,2026-06-03 14:58:00,419-49-90380,동서기계,P-001,산업용 센서,16,45000
1935,2026-06-03 13:14:00,419-49-90380,동서기계,P-010,베어링 6204,66,6500
1935,2026-06-03 13:14:00,419-49-90380,동서기계,P-009,공압 실린더,4,78000
1935,2026-06-03 13:14:00,419-49-90380,동서기계,P-002,근접 스위치,17,28000
1935,2026-06-03 13:14:00,419-49-90380,동서기계,P-008,DIN 레일 전원공급장치,7,65000
1935,2026-06-03 13:14:00,419-49-90380,동서기계,P-003,M12 커넥터,46,8500
1935,2026-06-03 13:14:00,419-49-90380,동서기계,P-004,케이블 하네스,33,15000
1936,2026-06-03 16:35:00,969-90-43341,은하시스템,P-012,방열 팬 24V,24,9500
1936,2026-06-03 16:35:00,969-90-43341,은하시스템,P-003,M12 커넥터,94,8500
1937,2026-06-04 11:58:00,419-49-90380,동서기계,P-012,방열 팬 24V,24,9500
1937,2026-06-04 11:58:00,419-49-90380,동서기계,P-002,근접 스위치,7,28000
1938,2026-06-04 13:26:00,599-86-84485,가온반도체,P-003,M12 커넥터,55,8500
1938,2026-06-04 13:26:00,599-86-84485,가온반도체,P-007,모터 드라이버,2,210000
1939,2026-06-04 10:18:00,815-26-51664,라온메카닉스,P-010,베어링 6204,60,6500
1939,2026-06-04 10:18:00,815-26-51664,라온메카닉스,P-006,서보 모터,1,520000
1940,2026-06-04 16:31:00,573-96-76216,미래오토메이션,P-001,산업용 센서,13,45000
1940,2026-06-04 16:31:00,573-96-76216,미래오토메이션,P-012,방열 팬 24V,33,9500
1941,2026-06-04 17:51:00,933-45-84047,해든로보틱스,P-002,근접 스위치,34,28000
1941,2026-06-04 17:51:00,933-45-84047,해든로보틱스,P-003,M12 커넥터,77,8500
1942,2026-06-04 14:48:00,783-27-42751,다온테크,P-001,산업용 센서,25,45000
1943,2026-06-04 12:58:00,181-78-68910,한빛정밀,P-004,케이블 하네스,54,15000
1943,2026-06-04 12:58:00,181-78-68910,한빛정밀,P-011,산업용 릴레이,65,12000
1944,2026-06-04 12:24:00,573-96-76216,미래오토메이션,P-011,산업용 릴레이,37,12000
1945,2026-06-04 15:40:00,783-27-42751,다온테크,P-001,산업용 센서,26,45000
1945,2026-06-04 15:40:00,783-27-42751,다온테크,P-010,베어링 6204,104,6500
1946,2026-06-05 12:28:00,505-30-18292,우리엔지니어링,P-009,공압 실린더,2,78000
1946,2026-06-05 12:28:00,505-30-18292,우리엔지니어링,P-010,베어링 6204,48,6500
1947,2026-06-05 10:55:00,784-55-21530,새봄전자,P-002,근접 스위치,17,28000
1947,2026-06-05 10:55:00,784-55-21530,새봄전자,P-008,DIN 레일 전원공급장치,7,65000
1948,2026-06-05 15:37:00,550-43-26429,누리금속,P-009,공압 실린더,8,78000
1948,2026-06-05 15:37:00,550-43-26429,누리금속,P-008,DIN 레일 전원공급장치,6,65000
1949,2026-06-05 11:08:00,520-58-23885,온누리전기,P-004,케이블 하네스,45,15000
1949,2026-06-05 11:08:00,520-58-23885,온누리전기,P-010,베어링 6204,106,6500
1949,2026-06-05 11:08:00,520-58-23885,온누리전기,P-009,공압 실린더,13,78000
1950,2026-06-05 12:47:00,520-58-23885,온누리전기,P-008,DIN 레일 전원공급장치,12,65000
1950,2026-06-05 12:47:00,520-58-23885,온누리전기,P-012,방열 팬 24V,40,9500
1950,2026-06-05 12:47:00,520-58-23885,온누리전기,P-002,근접 스위치,36,28000
1950,2026-06-05 12:47:00,520-58-23885,온누리전기,P-004,케이블 하네스,53,15000
1951,2026-06-05 09:20:00,815-26-51664,라온메카닉스,P-008,DIN 레일 전원공급장치,8,65000
1951,2026-06-05 09:20:00,815-26-51664,라온메카닉스,P-001,산업용 센서,8,45000
1951,2026-06-05 09:20:00,815-26-51664,라온메카닉스,P-002,근접 스위치,9,28000
1952,2026-06-05 17:12:00,969-90-43341,은하시스템,P-012,방열 팬 24V,51,9500
1952,2026-06-05 17:12:00,969-90-43341,은하시스템,P-010,베어링 6204,114,6500
1953,2026-06-08 11:01:00,520-58-23885,온누리전기,P-011,산업용 릴레이,70,12000
1953,2026-06-08 11:01:00,520-58-23885,온누리전기,P-001,산업용 센서,26,45000
1953,2026-06-08 11:01:00,520-58-23885,온누리전기,P-003,M12 커넥터,65,8500
1954,2026-06-08 12:57:00,815-26-51664,라온메카닉스,P-002,근접 스위치,16,28000
1954,2026-06-08 12:57:00,815-26-51664,라온메카닉스,P-004,케이블 하네스,16,15000
1955,2026-06-09 17:18:00,599-86-84485,가온반도체,P-008,DIN 레일 전원공급장치,10,65000
1955,2026-06-09 17:18:00,599-86-84485,가온반도체,P-002,근접 스위치,20,28000
1955,2026-06-09 17:18:00,599-86-84485,가온반도체,P-004,케이블 하네스,23,15000
1955,2026-06-09 17:18:00,599-86-84485,가온반도체,P-010,베어링 6204,81,6500
1955,2026-06-09 17:18:00,599-86-84485,가온반도체,P-009,공압 실린더,11,78000
1956,2026-06-09 14:48:00,929-76-42997,청솔설비,P-008,DIN 레일 전원공급장치,12,65000
1956,2026-06-09 14:48:00,929-76-42997,청솔설비,P-010,베어링 6204,46,6500
1957,2026-06-09 09:50:00,181-78-68910,한빛정밀,P-012,방열 팬 24V,43,9500
1958,2026-06-09 14:32:00,249-77-73046,푸른산업,P-004,케이블 하네스,73,15000
1958,2026-06-09 14:32:00,249-77-73046,푸른산업,P-001,산업용 센서,34,45000
1958,2026-06-09 14:32:00,249-77-73046,푸른산업,P-010,베어링 6204,161,6500
1959,2026-06-09 14:18:00,249-77-73046,푸른산업,P-008,DIN 레일 전원공급장치,29,65000
1959,2026-06-09 14:18:00,249-77-73046,푸른산업,P-011,산업용 릴레이,98,12000
1960,2026-06-09 09:50:00,249-77-73046,푸른산업,P-010,베어링 6204,161,6500
1960,2026-06-09 09:50:00,249-77-73046,푸른산업,P-002,근접 스위치,53,28000
1960,2026-06-09 09:50:00,249-77-73046,푸른산업,P-009,공압 실린더,12,78000
1960,2026-06-09 09:50:00,249-77-73046,푸른산업,P-001,산업용 센서,37,45000
1961,2026-06-09 11:25:00,783-27-42751,다온테크,P-007,모터 드라이버,2,210000
1962,2026-06-10 13:33:00,550-43-26429,누리금속,P-010,베어링 6204,81,6500
1962,2026-06-10 13:33:00,550-43-26429,누리금속,P-004,케이블 하네스,35,15000
1962,2026-06-10 13:33:00,550-43-26429,누리금속,P-001,산업용 센서,24,45000
1963,2026-06-10 16:16:00,520-58-23885,온누리전기,P-010,베어링 6204,110,6500
1963,2026-06-10 16:16:00,520-58-23885,온누리전기,P-008,DIN 레일 전원공급장치,11,65000
1964,2026-06-10 11:25:00,969-90-43341,은하시스템,P-002,근접 스위치,41,28000
1965,2026-06-11 17:53:00,249-77-73046,푸른산업,P-002,근접 스위치,38,28000
1966,2026-06-11 13:43:00,933-45-84047,해든로보틱스,P-010,베어링 6204,97,6500
1967,2026-06-11 10:59:00,520-58-23885,온누리전기,P-011,산업용 릴레이,255,12000
1968,2026-06-12 09:25:00,520-58-23885,온누리전기,P-008,DIN 레일 전원공급장치,10,65000
1968,2026-06-12 09:25:00,520-58-23885,온누리전기,P-004,케이블 하네스,53,15000
1968,2026-06-12 09:25:00,520-58-23885,온누리전기,P-001,산업용 센서,25,45000
1968,2026-06-12 09:25:00,520-58-23885,온누리전기,P-010,베어링 6204,103,6500
1969,2026-06-12 14:48:00,550-43-26429,누리금속,P-001,산업용 센서,29,45000
1969,2026-06-12 14:48:00,550-43-26429,누리금속,P-004,케이블 하네스,38,15000
1970,2026-06-12 17:28:00,505-30-18292,우리엔지니어링,P-001,산업용 센서,15,45000
1970,2026-06-12 17:28:00,505-30-18292,우리엔지니어링,P-004,케이블 하네스,29,15000
1970,2026-06-12 17:28:00,505-30-18292,우리엔지니어링,P-011,산업용 릴레이,29,12000
1970,2026-06-12 17:28:00,505-30-18292,우리엔지니어링,P-003,M12 커넥터,33,8500
1971,2026-06-12 14:23:00,599-86-84485,가온반도체,P-001,산업용 센서,18,45000
1971,2026-06-12 14:23:00,599-86-84485,가온반도체,P-002,근접 스위치,17,28000
1972,2026-06-12 09:04:00,783-27-42751,다온테크,P-011,산업용 릴레이,63,12000
1973,2026-06-12 15:46:00,249-77-73046,푸른산업,P-009,공압 실린더,11,78000
1974,2026-06-15 11:14:00,249-77-73046,푸른산업,P-009,공압 실린더,9,78000
1974,2026-06-15 11:14:00,249-77-73046,푸른산업,P-011,산업용 릴레이,110,12000
1974,2026-06-15 11:14:00,249-77-73046,푸른산업,P-004,케이블 하네스,83,15000
1974,2026-06-15 11:14:00,249-77-73046,푸른산업,P-001,산업용 센서,48,45000
1975,2026-06-16 11:04:00,181-78-68910,한빛정밀,P-001,산업용 센서,22,45000
1975,2026-06-16 11:04:00,181-78-68910,한빛정밀,P-003,M12 커넥터,96,8500
1975,2026-06-16 11:04:00,181-78-68910,한빛정밀,P-010,베어링 6204,119,6500
1976,2026-06-16 09:21:00,181-78-68910,한빛정밀,P-010,베어링 6204,134,6500
1977,2026-06-16 12:50:00,520-58-23885,온누리전기,P-001,산업용 센서,30,45000
1977,2026-06-16 12:50:00,520-58-23885,온누리전기,P-009,공압 실린더,9,78000
1978,2026-06-16 13:11:00,929-76-42997,청솔설비,P-011,산업용 릴레이,36,12000
1979,2026-06-16 10:45:00,784-55-21530,새봄전자,P-010,베어링 6204,52,6500
1979,2026-06-16 10:45:00,784-55-21530,새봄전자,P-004,케이블 하네스,23,15000
1979,2026-06-16 10:45:00,784-55-21530,새봄전자,P-001,산업용 센서,14,45000
1979,2026-06-16 10:45:00,784-55-21530,새봄전자,P-011,산업용 릴레이,23,12000
1980,2026-06-16 16:28:00,933-45-84047,해든로보틱스,P-001,산업용 센서,29,45000
1981,2026-06-17 16:25:00,933-45-84047,해든로보틱스,P-010,베어링 6204,98,6500
1981,2026-06-17 16:25:00,933-45-84047,해든로보틱스,P-011,산업용 릴레이,55,12000
1981,2026-06-17 16:25:00,933-45-84047,해든로보틱스,P-008,DIN 레일 전원공급장치,11,65000
1981,2026-06-17 16:25:00,933-45-84047,해든로보틱스,P-007,모터 드라이버,3,210000
1982,2026-06-17 15:44:00,933-45-84047,해든로보틱스,P-003,M12 커넥터,77,8500
1983,2026-06-17 16:54:00,969-90-43341,은하시스템,P-001,산업용 센서,33,45000
1983,2026-06-17 16:54:00,969-90-43341,은하시스템,P-003,M12 커넥터,98,8500
1984,2026-06-17 11:18:00,181-78-68910,한빛정밀,P-011,산업용 릴레이,85,12000
1984,2026-06-17 11:18:00,181-78-68910,한빛정밀,P-010,베어링 6204,114,6500
1985,2026-06-17 16:13:00,249-77-73046,푸른산업,P-002,근접 스위치,36,28000
1985,2026-06-17 16:13:00,249-77-73046,푸른산업,P-011,산업용 릴레이,111,12000
1985,2026-06-17 16:13:00,249-77-73046,푸른산업,P-001,산업용 센서,47,45000
1986,2026-06-17 14:03:00,249-77-73046,푸른산업,P-003,M12 커넥터,135,8500
1986,2026-06-17 14:03:00,249-77-73046,푸른산업,P-008,DIN 레일 전원공급장치,20,65000
1987,2026-06-17 13:04:00,969-90-43341,은하시스템,P-003,M12 커넥터,89,8500
1987,2026-06-17 13:04:00,969-90-43341,은하시스템,P-012,방열 팬 24V,49,9500
1987,2026-06-17 13:04:00,969-90-43341,은하시스템,P-005,PLC 모듈,1,380000
1987,2026-06-17 13:04:00,969-90-43341,은하시스템,P-002,근접 스위치,44,28000
1988,2026-06-18 16:47:00,249-77-73046,푸른산업,P-003,M12 커넥터,131,8500
1988,2026-06-18 16:47:00,249-77-73046,푸른산업,P-010,베어링 6204,163,6500
1989,2026-06-18 12:08:00,784-55-21530,새봄전자,P-010,베어링 6204,50,6500
1989,2026-06-18 12:08:00,784-55-21530,새봄전자,P-002,근접 스위치,11,28000
1989,2026-06-18 12:08:00,784-55-21530,새봄전자,P-008,DIN 레일 전원공급장치,5,65000
1989,2026-06-18 12:08:00,784-55-21530,새봄전자,P-003,M12 커넥터,36,8500
1989,2026-06-18 12:08:00,784-55-21530,새봄전자,P-001,산업용 센서,18,45000
1990,2026-06-18 14:18:00,550-43-26429,누리금속,P-010,베어링 6204,91,6500
1990,2026-06-18 14:18:00,550-43-26429,누리금속,P-004,케이블 하네스,34,15000
1991,2026-06-18 12:23:00,181-78-68910,한빛정밀,P-006,서보 모터,3,520000
1991,2026-06-18 12:23:00,181-78-68910,한빛정밀,P-001,산업용 센서,30,45000
1991,2026-06-18 12:23:00,181-78-68910,한빛정밀,P-002,근접 스위치,54,28000
1992,2026-06-18 16:29:00,181-78-68910,한빛정밀,P-007,모터 드라이버,3,210000
1992,2026-06-18 16:29:00,181-78-68910,한빛정밀,P-010,베어링 6204,130,6500
1992,2026-06-18 16:29:00,181-78-68910,한빛정밀,P-003,M12 커넥터,92,8500
1993,2026-06-18 17:14:00,419-49-90380,동서기계,P-009,공압 실린더,6,78000
1994,2026-06-19 10:24:00,929-76-42997,청솔설비,P-002,근접 스위치,16,28000
1995,2026-06-19 09:57:00,249-77-73046,푸른산업,P-001,산업용 센서,46,45000
1995,2026-06-19 09:57:00,249-77-73046,푸른산업,P-007,모터 드라이버,9,210000
1995,2026-06-19 09:57:00,249-77-73046,푸른산업,P-004,케이블 하네스,80,15000
1996,2026-06-19 11:17:00,181-78-68910,한빛정밀,P-008,DIN 레일 전원공급장치,16,65000
1996,2026-06-19 11:17:00,181-78-68910,한빛정밀,P-009,공압 실린더,10,78000
1997,2026-06-19 15:57:00,520-58-23885,온누리전기,P-004,케이블 하네스,53,15000
1997,2026-06-19 15:57:00,520-58-23885,온누리전기,P-001,산업용 센서,22,45000
1997,2026-06-19 15:57:00,520-58-23885,온누리전기,P-011,산업용 릴레이,71,12000
1998,2026-06-19 10:21:00,969-90-43341,은하시스템,P-007,모터 드라이버,3,210000
1998,2026-06-19 10:21:00,969-90-43341,은하시스템,P-001,산업용 센서,32,45000
1998,2026-06-19 10:21:00,969-90-43341,은하시스템,P-010,베어링 6204,102,6500
1999,2026-06-19 17:16:00,969-90-43341,은하시스템,P-002,근접 스위치,27,28000
1999,2026-06-19 17:16:00,969-90-43341,은하시스템,P-001,산업용 센서,20,45000
2000,2026-06-19 11:25:00,181-78-68910,한빛정밀,P-010,베어링 6204,134,6500
2000,2026-06-19 11:25:00,181-78-68910,한빛정밀,P-011,산업용 릴레이,66,12000
2000,2026-06-19 11:25:00,181-78-68910,한빛정밀,P-012,방열 팬 24V,44,9500
2000,2026-06-19 11:25:00,181-78-68910,한빛정밀,P-001,산업용 센서,22,45000
2001,2026-06-20 15:40:00,495-17-72762,대성기계,P-001,산업용 센서,4,45000
2002,2026-06-22 10:28:00,181-78-68910,한빛정밀,P-010,베어링 6204,103,6500
2002,2026-06-22 10:28:00,181-78-68910,한빛정밀,P-008,DIN 레일 전원공급장치,13,65000
2003,2026-06-22 15:49:00,249-77-73046,푸른산업,P-011,산업용 릴레이,93,12000
2004,2026-06-22 09:14:00,784-55-21530,새봄전자,P-012,방열 팬 24V,28,9500
2004,2026-06-22 09:14:00,784-55-21530,새봄전자,P-005,PLC 모듈,2,380000
2004,2026-06-22 09:14:00,784-55-21530,새봄전자,P-002,근접 스위치,10,28000
2005,2026-06-22 14:58:00,520-58-23885,온누리전기,P-003,M12 커넥터,293,8500
2006,2026-06-22 17:46:00,929-76-42997,청솔설비,P-009,공압 실린더,5,78000
2006,2026-06-22 17:46:00,929-76-42997,청솔설비,P-011,산업용 릴레이,40,12000
2006,2026-06-22 17:46:00,929-76-42997,청솔설비,P-010,베어링 6204,75,6500
2007,2026-06-22 11:13:00,969-90-43341,은하시스템,P-002,근접 스위치,42,28000
2008,2026-06-22 12:41:00,550-43-26429,누리금속,P-008,DIN 레일 전원공급장치,10,65000
2009,2026-06-22 14:02:00,249-77-73046,푸른산업,P-011,산업용 릴레이,94,12000
2010,2026-06-22 16:11:00,573-96-76216,미래오토메이션,P-002,근접 스위치,24,28000
2010,2026-06-22 16:11:00,573-96-76216,미래오토메이션,P-003,M12 커넥터,43,8500
2010,2026-06-22 16:11:00,573-96-76216,미래오토메이션,P-001,산업용 센서,15,45000
2010,2026-06-22 16:11:00,573-96-76216,미래오토메이션,P-012,방열 팬 24V,22,9500
2011,2026-06-23 12:28:00,505-30-18292,우리엔지니어링,P-010,베어링 6204,38,6500
2011,2026-06-23 12:28:00,505-30-18292,우리엔지니어링,P-009,공압 실린더,7,78000
2011,2026-06-23 12:28:00,505-30-18292,우리엔지니어링,P-012,방열 팬 24V,23,9500
2012,2026-06-23 13:27:00,249-77-73046,푸른산업,P-003,M12 커넥터,106,8500
2012,2026-06-23 13:27:00,249-77-73046,푸른산업,P-008,DIN 레일 전원공급장치,30,65000
2013,2026-06-23 13:29:00,933-45-84047,해든로보틱스,P-010,베어링 6204,78,6500
2013,2026-06-23 13:29:00,933-45-84047,해든로보틱스,P-001,산업용 센서,20,45000
2013,2026-06-23 13:29:00,933-45-84047,해든로보틱스,P-002,근접 스위치,31,28000
2014,2026-06-24 12:19:00,784-55-21530,새봄전자,P-001,산업용 센서,13,45000
2014,2026-06-24 12:19:00,784-55-21530,새봄전자,P-010,베어링 6204,57,6500
2015,2026-06-24 09:44:00,969-90-43341,은하시스템,P-009,공압 실린더,10,78000
2015,2026-06-24 09:44:00,969-90-43341,은하시스템,P-010,베어링 6204,116,6500
2016,2026-06-24 09:28:00,815-26-51664,라온메카닉스,P-010,베어링 6204,51,6500
2017,2026-06-24 12:31:00,181-78-68910,한빛정밀,P-001,산업용 센서,26,45000
2017,2026-06-24 12:31:00,181-78-68910,한빛정밀,P-002,근접 스위치,28,28000
2017,2026-06-24 12:31:00,181-78-68910,한빛정밀,P-006,서보 모터,2,520000
2018,2026-06-24 11:44:00,599-86-84485,가온반도체,P-012,방열 팬 24V,20,9500
2018,2026-06-24 11:44:00,599-86-84485,가온반도체,P-001,산업용 센서,27,45000
2018,2026-06-24 11:44:00,599-86-84485,가온반도체,P-011,산업용 릴레이,47,12000
2019,2026-06-24 15:23:00,520-58-23885,온누리전기,P-005,PLC 모듈,7,380000
2020,2026-06-25 13:21:00,419-49-90380,동서기계,P-003,M12 커넥터,30,8500
2020,2026-06-25 13:21:00,419-49-90380,동서기계,P-001,산업용 센서,15,45000
2020,2026-06-25 13:21:00,419-49-90380,동서기계,P-002,근접 스위치,15,28000
2020,2026-06-25 13:21:00,419-49-90380,동서기계,P-012,방열 팬 24V,16,9500
2020,2026-06-25 13:21:00,419-49-90380,동서기계,P-010,베어링 6204,63,6500
2021,2026-06-25 17:33:00,573-96-76216,미래오토메이션,P-005,PLC 모듈,1,380000
2021,2026-06-25 17:33:00,573-96-76216,미래오토메이션,P-004,케이블 하네스,30,15000
2021,2026-06-25 17:33:00,573-96-76216,미래오토메이션,P-008,DIN 레일 전원공급장치,6,65000
2022,2026-06-25 11:56:00,249-77-73046,푸른산업,P-006,서보 모터,2,520000
2023,2026-06-25 11:55:00,520-58-23885,온누리전기,P-002,근접 스위치,30,28000
2023,2026-06-25 11:55:00,520-58-23885,온누리전기,P-003,M12 커넥터,82,8500
2024,2026-06-26 14:25:00,520-58-23885,온누리전기,P-003,M12 커넥터,65,8500
2024,2026-06-26 14:25:00,520-58-23885,온누리전기,P-001,산업용 센서,30,45000
2024,2026-06-26 14:25:00,520-58-23885,온누리전기,P-007,모터 드라이버,4,210000
2025,2026-06-26 16:56:00,419-49-90380,동서기계,P-010,베어링 6204,62,6500
2026,2026-06-26 09:14:00,784-55-21530,새봄전자,P-003,M12 커넥터,28,8500
2026,2026-06-26 09:14:00,784-55-21530,새봄전자,P-010,베어링 6204,54,6500
2026,2026-06-26 09:14:00,784-55-21530,새봄전자,P-001,산업용 센서,14,45000
2026,2026-06-26 09:14:00,784-55-21530,새봄전자,P-008,DIN 레일 전원공급장치,4,65000
2027,2026-06-26 14:35:00,969-90-43341,은하시스템,P-012,방열 팬 24V,41,9500
2027,2026-06-26 14:35:00,969-90-43341,은하시스템,P-001,산업용 센서,47,45000
2028,2026-06-26 11:20:00,495-17-72762,대성기계,P-010,베어링 6204,23,6500
2028,2026-06-26 11:20:00,495-17-72762,대성기계,P-008,DIN 레일 전원공급장치,3,65000
2028,2026-06-26 11:20:00,495-17-72762,대성기계,P-001,산업용 센서,8,45000
2029,2026-06-26 14:45:00,783-27-42751,다온테크,P-002,근접 스위치,45,28000
2029,2026-06-26 14:45:00,783-27-42751,다온테크,P-009,공압 실린더,11,78000
2029,2026-06-26 14:45:00,783-27-42751,다온테크,P-011,산업용 릴레이,68,12000
2029,2026-06-26 14:45:00,783-27-42751,다온테크,P-010,베어링 6204,98,6500
2030,2026-06-26 11:46:00,550-43-26429,누리금속,P-010,베어링 6204,78,6500
2031,2026-06-29 11:08:00,969-90-43341,은하시스템,P-009,공압 실린더,11,78000
2032,2026-06-29 15:11:00,815-26-51664,라온메카닉스,P-001,산업용 센서,8,45000
2032,2026-06-29 15:11:00,815-26-51664,라온메카닉스,P-007,모터 드라이버,1,210000
2033,2026-06-30 09:29:00,783-27-42751,다온테크,P-011,산업용 릴레이,62,12000
2034,2026-06-30 09:32:00,520-58-23885,온누리전기,P-001,산업용 센서,17,45000
2034,2026-06-30 09:32:00,520-58-23885,온누리전기,P-002,근접 스위치,31,28000
2034,2026-06-30 09:32:00,520-58-23885,온누리전기,P-008,DIN 레일 전원공급장치,16,65000
2035,2026-06-30 17:27:00,419-49-90380,동서기계,P-003,M12 커넥터,42,8500
2035,2026-06-30 17:27:00,419-49-90380,동서기계,P-011,산업용 릴레이,40,12000
2036,2026-06-30 13:48:00,573-96-76216,미래오토메이션,P-003,M12 커넥터,45,8500
2036,2026-06-30 13:48:00,573-96-76216,미래오토메이션,P-001,산업용 센서,20,45000
2036,2026-06-30 13:48:00,573-96-76216,미래오토메이션,P-011,산업용 릴레이,45,12000
2036,2026-06-30 13:48:00,573-96-76216,미래오토메이션,P-002,근접 스위치,18,28000
2036,2026-06-30 13:48:00,573-96-76216,미래오토메이션,P-012,방열 팬 24V,23,9500
2037,2026-06-30 15:54:00,181-78-68910,한빛정밀,P-003,M12 커넥터,113,8500
2037,2026-06-30 15:54:00,181-78-68910,한빛정밀,P-011,산업용 릴레이,80,12000
2038,2026-06-30 14:56:00,419-49-90380,동서기계,P-003,M12 커넥터,47,8500
2038,2026-06-30 14:56:00,419-49-90380,동서기계,P-011,산업용 릴레이,28,12000
2039,2026-06-30 17:52:00,933-45-84047,해든로보틱스,P-009,공압 실린더,7,78000
2039,2026-06-30 17:52:00,933-45-84047,해든로보틱스,P-010,베어링 6204,81,6500
2040,2026-06-30 09:02:00,933-45-84047,해든로보틱스,P-006,서보 모터,3,520000
2040,2026-06-30 09:02:00,933-45-84047,해든로보틱스,P-002,근접 스위치,38,28000
2040,2026-06-30 09:02:00,933-45-84047,해든로보틱스,P-003,M12 커넥터,63,8500
2040,2026-06-30 09:02:00,933-45-84047,해든로보틱스,P-012,방열 팬 24V,41,9500
2041,2026-06-30 10:04:00,783-27-42751,다온테크,P-008,DIN 레일 전원공급장치,20,65000
2041,2026-06-30 10:04:00,783-27-42751,다온테크,P-004,케이블 하네스,50,15000
2042,2026-07-01 16:14:00,181-78-68910,한빛정밀,P-002,근접 스위치,39,28000
2043,2026-07-01 10:41:00,550-43-26429,누리금속,P-008,DIN 레일 전원공급장치,11,65000
2043,2026-07-01 10:41:00,550-43-26429,누리금속,P-002,근접 스위치,30,28000
2043,2026-07-01 10:41:00,550-43-26429,누리금속,P-001,산업용 센서,16,45000
2044,2026-07-01 14:04:00,933-45-84047,해든로보틱스,P-004,케이블 하네스,80,15000
2044,2026-07-01 14:04:00,933-45-84047,해든로보틱스,P-008,DIN 레일 전원공급장치,9,65000
2044,2026-07-01 14:04:00,933-45-84047,해든로보틱스,P-011,산업용 릴레이,51,12000
2045,2026-07-01 14:51:00,783-27-42751,다온테크,P-004,케이블 하네스,38,15000
2045,2026-07-01 14:51:00,783-27-42751,다온테크,P-002,근접 스위치,30,28000
2046,2026-07-01 10:38:00,933-45-84047,해든로보틱스,P-003,M12 커넥터,70,8500
2046,2026-07-01 10:38:00,933-45-84047,해든로보틱스,P-002,근접 스위치,36,28000
2046,2026-07-01 10:38:00,933-45-84047,해든로보틱스,P-001,산업용 센서,25,45000
2047,2026-07-02 17:51:00,783-27-42751,다온테크,P-010,베어링 6204,101,6500
2047,2026-07-02 17:51:00,783-27-42751,다온테크,P-012,방열 팬 24V,28,9500
2048,2026-07-02 15:06:00,929-76-42997,청솔설비,P-003,M12 커넥터,43,8500
2049,2026-07-02 11:01:00,520-58-23885,온누리전기,P-003,M12 커넥터,81,8500
2049,2026-07-02 11:01:00,520-58-23885,온누리전기,P-011,산업용 릴레이,61,12000
2050,2026-07-03 11:01:00,573-96-76216,미래오토메이션,P-001,산업용 센서,14,45000
2050,2026-07-03 11:01:00,573-96-76216,미래오토메이션,P-004,케이블 하네스,32,15000
2051,2026-07-03 17:49:00,181-78-68910,한빛정밀,P-002,근접 스위치,42,28000
2052,2026-07-03 12:18:00,249-77-73046,푸른산업,P-008,DIN 레일 전원공급장치,35,65000
2052,2026-07-03 12:18:00,249-77-73046,푸른산업,P-003,M12 커넥터,115,8500
2053,2026-07-03 15:32:00,505-30-18292,우리엔지니어링,P-003,M12 커넥터,40,8500
2053,2026-07-03 15:32:00,505-30-18292,우리엔지니어링,P-008,DIN 레일 전원공급장치,4,65000
2053,2026-07-03 15:32:00,505-30-18292,우리엔지니어링,P-002,근접 스위치,17,28000
2053,2026-07-03 15:32:00,505-30-18292,우리엔지니어링,P-001,산업용 센서,18,45000
2054,2026-07-03 09:50:00,419-49-90380,동서기계,P-003,M12 커넥터,42,8500
2054,2026-07-03 09:50:00,419-49-90380,동서기계,P-004,케이블 하네스,29,15000
2054,2026-07-03 09:50:00,419-49-90380,동서기계,P-001,산업용 센서,20,45000
2055,2026-07-03 10:16:00,969-90-43341,은하시스템,P-002,근접 스위치,30,28000
2055,2026-07-03 10:16:00,969-90-43341,은하시스템,P-012,방열 팬 24V,36,9500
2056,2026-07-03 10:38:00,550-43-26429,누리금속,P-003,M12 커넥터,60,8500
2057,2026-07-03 09:38:00,969-90-43341,은하시스템,P-002,근접 스위치,24,28000
2057,2026-07-03 09:38:00,969-90-43341,은하시스템,P-008,DIN 레일 전원공급장치,18,65000
2057,2026-07-03 09:38:00,969-90-43341,은하시스템,P-001,산업용 센서,38,45000
2058,2026-07-06 11:56:00,573-96-76216,미래오토메이션,P-002,근접 스위치,21,28000
2058,2026-07-06 11:56:00,573-96-76216,미래오토메이션,P-001,산업용 센서,13,45000
2058,2026-07-06 11:56:00,573-96-76216,미래오토메이션,P-012,방열 팬 24V,21,9500
2058,2026-07-06 11:56:00,573-96-76216,미래오토메이션,P-010,베어링 6204,66,6500
2059,2026-07-06 09:34:00,249-77-73046,푸른산업,P-008,DIN 레일 전원공급장치,16,65000
2059,2026-07-06 09:34:00,249-77-73046,푸른산업,P-001,산업용 센서,45,45000
2059,2026-07-06 09:34:00,249-77-73046,푸른산업,P-010,베어링 6204,169,6500
2060,2026-07-06 15:36:00,249-77-73046,푸른산업,P-004,케이블 하네스,91,15000
2061,2026-07-06 14:52:00,815-26-51664,라온메카닉스,P-011,산업용 릴레이,24,12000
2061,2026-07-06 14:52:00,815-26-51664,라온메카닉스,P-001,산업용 센서,16,45000
2062,2026-07-06 12:08:00,969-90-43341,은하시스템,P-002,근접 스위치,41,28000
2062,2026-07-06 12:08:00,969-90-43341,은하시스템,P-003,M12 커넥터,90,8500
2062,2026-07-06 12:08:00,969-90-43341,은하시스템,P-004,케이블 하네스,43,15000
2062,2026-07-06 12:08:00,969-90-43341,은하시스템,P-001,산업용 센서,21,45000
2063,2026-07-06 09:20:00,929-76-42997,청솔설비,P-011,산업용 릴레이,49,12000
2063,2026-07-06 09:20:00,929-76-42997,청솔설비,P-012,방열 팬 24V,24,9500
2064,2026-07-06 09:58:00,929-76-42997,청솔설비,P-008,DIN 레일 전원공급장치,10,65000
2064,2026-07-06 09:58:00,929-76-42997,청솔설비,P-002,근접 스위치,16,28000
2064,2026-07-06 09:58:00,929-76-42997,청솔설비,P-001,산업용 센서,12,45000
2065,2026-07-06 16:33:00,599-86-84485,가온반도체,P-012,방열 팬 24V,27,9500
2066,2026-07-06 12:25:00,599-86-84485,가온반도체,P-004,케이블 하네스,55,15000
2066,2026-07-06 12:25:00,599-86-84485,가온반도체,P-012,방열 팬 24V,30,9500
2066,2026-07-06 12:25:00,599-86-84485,가온반도체,P-011,산업용 릴레이,44,12000
2067,2026-07-06 15:13:00,784-55-21530,새봄전자,P-004,케이블 하네스,17,15000
2067,2026-07-06 15:13:00,784-55-21530,새봄전자,P-007,모터 드라이버,1,210000
2068,2026-07-07 14:14:00,783-27-42751,다온테크,P-008,DIN 레일 전원공급장치,11,65000
2068,2026-07-07 14:14:00,783-27-42751,다온테크,P-001,산업용 센서,24,45000
2069,2026-07-07 13:03:00,783-27-42751,다온테크,P-004,케이블 하네스,58,15000
2069,2026-07-07 13:03:00,783-27-42751,다온테크,P-011,산업용 릴레이,56,12000
2069,2026-07-07 13:03:00,783-27-42751,다온테크,P-002,근접 스위치,29,28000
2070,2026-07-07 17:26:00,550-43-26429,누리금속,P-011,산업용 릴레이,58,12000
2070,2026-07-07 17:26:00,550-43-26429,누리금속,P-008,DIN 레일 전원공급장치,8,65000
2071,2026-07-07 12:00:00,815-26-51664,라온메카닉스,P-001,산업용 센서,8,45000
2071,2026-07-07 12:00:00,815-26-51664,라온메카닉스,P-004,케이블 하네스,26,15000
2072,2026-07-07 12:56:00,969-90-43341,은하시스템,P-002,근접 스위치,36,28000
2072,2026-07-07 12:56:00,969-90-43341,은하시스템,P-003,M12 커넥터,78,8500
2072,2026-07-07 12:56:00,969-90-43341,은하시스템,P-007,모터 드라이버,4,210000
2073,2026-07-07 16:32:00,249-77-73046,푸른산업,P-010,베어링 6204,191,6500
2074,2026-07-07 15:38:00,249-77-73046,푸른산업,P-001,산업용 센서,43,45000
2074,2026-07-07 15:38:00,249-77-73046,푸른산업,P-012,방열 팬 24V,66,9500
2075,2026-07-08 14:05:00,520-58-23885,온누리전기,P-010,베어링 6204,90,6500
2076,2026-07-08 09:01:00,969-90-43341,은하시스템,P-003,M12 커넥터,95,8500
2076,2026-07-08 09:01:00,969-90-43341,은하시스템,P-011,산업용 릴레이,74,12000
2077,2026-07-09 13:18:00,783-27-42751,다온테크,P-004,케이블 하네스,53,15000
2078,2026-07-09 15:44:00,969-90-43341,은하시스템,P-011,산업용 릴레이,66,12000
2078,2026-07-09 15:44:00,969-90-43341,은하시스템,P-001,산업용 센서,26,45000
2079,2026-07-10 17:01:00,933-45-84047,해든로보틱스,P-012,방열 팬 24V,40,9500
2079,2026-07-10 17:01:00,933-45-84047,해든로보틱스,P-008,DIN 레일 전원공급장치,8,65000
2079,2026-07-10 17:01:00,933-45-84047,해든로보틱스,P-003,M12 커넥터,83,8500
2079,2026-07-10 17:01:00,933-45-84047,해든로보틱스,P-004,케이블 하네스,60,15000
2080,2026-07-10 15:59:00,783-27-42751,다온테크,P-002,근접 스위치,24,28000
2080,2026-07-10 15:59:00,783-27-42751,다온테크,P-005,PLC 모듈,4,380000
2080,2026-07-10 15:59:00,783-27-42751,다온테크,P-001,산업용 센서,24,45000
2081,2026-07-10 10:34:00,573-96-76216,미래오토메이션,P-004,케이블 하네스,22,15000
2081,2026-07-10 10:34:00,573-96-76216,미래오토메이션,P-002,근접 스위치,21,28000
2082,2026-07-10 16:55:00,969-90-43341,은하시스템,P-001,산업용 센서,36,45000
2083,2026-07-10 16:20:00,815-26-51664,라온메카닉스,P-011,산업용 릴레이,29,12000
2083,2026-07-10 16:20:00,815-26-51664,라온메카닉스,P-004,케이블 하네스,23,15000
2084,2026-07-10 09:18:00,520-58-23885,온누리전기,P-002,근접 스위치,29,28000
2084,2026-07-10 09:18:00,520-58-23885,온누리전기,P-004,케이블 하네스,54,15000
2084,2026-07-10 09:18:00,520-58-23885,온누리전기,P-001,산업용 센서,25,45000
2085,2026-07-10 14:34:00,419-49-90380,동서기계,P-011,산업용 릴레이,37,12000
2085,2026-07-10 14:34:00,419-49-90380,동서기계,P-003,M12 커넥터,52,8500
2085,2026-07-10 14:34:00,419-49-90380,동서기계,P-001,산업용 센서,12,45000
2086,2026-07-11 09:35:00,784-55-21530,새봄전자,P-002,근접 스위치,24,28000
2086,2026-07-11 09:35:00,784-55-21530,새봄전자,P-001,산업용 센서,10,45000
2086,2026-07-11 09:35:00,784-55-21530,새봄전자,P-010,베어링 6204,37,6500
2087,2026-07-13 11:34:00,550-43-26429,누리금속,P-001,산업용 센서,69,45000
2087,2026-07-13 11:34:00,550-43-26429,누리금속,P-003,M12 커넥터,239,8500
2088,2026-07-13 15:35:00,573-96-76216,미래오토메이션,P-003,M12 커넥터,51,8500
2088,2026-07-13 15:35:00,573-96-76216,미래오토메이션,P-004,케이블 하네스,36,15000
2089,2026-07-13 16:48:00,815-26-51664,라온메카닉스,P-010,베어링 6204,47,6500
2090,2026-07-13 16:41:00,599-86-84485,가온반도체,P-008,DIN 레일 전원공급장치,12,65000
2091,2026-07-13 16:15:00,249-77-73046,푸른산업,P-011,산업용 릴레이,97,12000
2091,2026-07-13 16:15:00,249-77-73046,푸른산업,P-003,M12 커넥터,119,8500
2091,2026-07-13 16:15:00,249-77-73046,푸른산업,P-002,근접 스위치,67,28000
2092,2026-07-13 12:27:00,783-27-42751,다온테크,P-010,베어링 6204,95,6500
2093,2026-07-13 13:35:00,520-58-23885,온누리전기,P-001,산업용 센서,23,45000
2093,2026-07-13 13:35:00,520-58-23885,온누리전기,P-008,DIN 레일 전원공급장치,14,65000
2093,2026-07-13 13:35:00,520-58-23885,온누리전기,P-003,M12 커넥터,66,8500
2094,2026-07-13 10:58:00,249-77-73046,푸른산업,P-001,산업용 센서,36,45000
2095,2026-07-13 13:08:00,550-43-26429,누리금속,P-001,산업용 센서,28,45000
2095,2026-07-13 13:08:00,550-43-26429,누리금속,P-010,베어링 6204,93,6500
2096,2026-07-14 12:52:00,783-27-42751,다온테크,P-007,모터 드라이버,3,210000
2096,2026-07-14 12:52:00,783-27-42751,다온테크,P-001,산업용 센서,26,45000
2096,2026-07-14 12:52:00,783-27-42751,다온테크,P-012,방열 팬 24V,32,9500
2096,2026-07-14 12:52:00,783-27-42751,다온테크,P-008,DIN 레일 전원공급장치,12,65000
2097,2026-07-14 16:44:00,520-58-23885,온누리전기,P-011,산업용 릴레이,68,12000
2097,2026-07-14 16:44:00,520-58-23885,온누리전기,P-012,방열 팬 24V,30,9500
2098,2026-07-14 17:04:00,783-27-42751,다온테크,P-001,산업용 센서,24,45000
2098,2026-07-14 17:04:00,783-27-42751,다온테크,P-008,DIN 레일 전원공급장치,10,65000
2099,2026-07-14 17:41:00,550-43-26429,누리금속,P-007,모터 드라이버,3,210000
2099,2026-07-14 17:41:00,550-43-26429,누리금속,P-009,공압 실린더,6,78000
2099,2026-07-14 17:41:00,550-43-26429,누리금속,P-006,서보 모터,5,520000
2100,2026-07-14 15:22:00,419-49-90380,동서기계,P-011,산업용 릴레이,47,12000
2100,2026-07-14 15:22:00,419-49-90380,동서기계,P-008,DIN 레일 전원공급장치,6,65000
2101,2026-07-14 17:30:00,929-76-42997,청솔설비,P-003,M12 커넥터,39,8500
2101,2026-07-14 17:30:00,929-76-42997,청솔설비,P-011,산업용 릴레이,42,12000
2101,2026-07-14 17:30:00,929-76-42997,청솔설비,P-002,근접 스위치,15,28000
2102,2026-07-14 10:46:00,599-86-84485,가온반도체,P-008,DIN 레일 전원공급장치,8,65000
2102,2026-07-14 10:46:00,599-86-84485,가온반도체,P-010,베어링 6204,73,6500
2102,2026-07-14 10:46:00,599-86-84485,가온반도체,P-003,M12 커넥터,41,8500
2103,2026-07-14 10:40:00,783-27-42751,다온테크,P-009,공압 실린더,7,78000
2103,2026-07-14 10:40:00,783-27-42751,다온테크,P-001,산업용 센서,29,45000
2103,2026-07-14 10:40:00,783-27-42751,다온테크,P-003,M12 커넥터,68,8500
2103,2026-07-14 10:40:00,783-27-42751,다온테크,P-008,DIN 레일 전원공급장치,9,65000
2104,2026-07-15 17:05:00,929-76-42997,청솔설비,P-002,근접 스위치,24,28000
2105,2026-07-15 13:39:00,599-86-84485,가온반도체,P-010,베어링 6204,65,6500
2105,2026-07-15 13:39:00,599-86-84485,가온반도체,P-003,M12 커넥터,46,8500
2106,2026-07-15 15:32:00,520-58-23885,온누리전기,P-001,산업용 센서,30,45000
2106,2026-07-15 15:32:00,520-58-23885,온누리전기,P-011,산업용 릴레이,73,12000
2106,2026-07-15 15:32:00,520-58-23885,온누리전기,P-003,M12 커넥터,87,8500
2106,2026-07-15 15:32:00,520-58-23885,온누리전기,P-008,DIN 레일 전원공급장치,18,65000
2106,2026-07-15 15:32:00,520-58-23885,온누리전기,P-009,공압 실린더,7,78000
2107,2026-07-15 15:18:00,929-76-42997,청솔설비,P-001,산업용 센서,16,45000
2107,2026-07-15 15:18:00,929-76-42997,청솔설비,P-004,케이블 하네스,36,15000
2107,2026-07-15 15:18:00,929-76-42997,청솔설비,P-010,베어링 6204,63,6500
2107,2026-07-15 15:18:00,929-76-42997,청솔설비,P-002,근접 스위치,16,28000
2108,2026-07-15 16:11:00,520-58-23885,온누리전기,P-012,방열 팬 24V,32,9500
2108,2026-07-15 16:11:00,520-58-23885,온누리전기,P-001,산업용 센서,15,45000
2108,2026-07-15 16:11:00,520-58-23885,온누리전기,P-010,베어링 6204,101,6500
2109,2026-07-15 13:59:00,249-77-73046,푸른산업,P-003,M12 커넥터,114,8500
2109,2026-07-15 13:59:00,249-77-73046,푸른산업,P-009,공압 실린더,12,78000
2110,2026-07-16 13:56:00,249-77-73046,푸른산업,P-001,산업용 센서,48,45000
2110,2026-07-16 13:56:00,249-77-73046,푸른산업,P-012,방열 팬 24V,67,9500
2111,2026-07-16 16:55:00,933-45-84047,해든로보틱스,P-001,산업용 센서,22,45000
2111,2026-07-16 16:55:00,933-45-84047,해든로보틱스,P-010,베어링 6204,115,6500
2112,2026-07-16 14:28:00,249-77-73046,푸른산업,P-010,베어링 6204,147,6500
2112,2026-07-16 14:28:00,249-77-73046,푸른산업,P-012,방열 팬 24V,60,9500
2113,2026-07-16 09:37:00,181-78-68910,한빛정밀,P-011,산업용 릴레이,70,12000
2113,2026-07-16 09:37:00,181-78-68910,한빛정밀,P-003,M12 커넥터,86,8500
2113,2026-07-16 09:37:00,181-78-68910,한빛정밀,P-001,산업용 센서,25,45000
2114,2026-07-16 10:24:00,505-30-18292,우리엔지니어링,P-010,베어링 6204,40,6500
2114,2026-07-16 10:24:00,505-30-18292,우리엔지니어링,P-006,서보 모터,1,520000
2114,2026-07-16 10:24:00,505-30-18292,우리엔지니어링,P-011,산업용 릴레이,23,12000
2115,2026-07-17 17:56:00,929-76-42997,청솔설비,P-010,베어링 6204,56,6500
2116,2026-07-17 16:19:00,505-30-18292,우리엔지니어링,P-004,케이블 하네스,30,15000
2116,2026-07-17 16:19:00,505-30-18292,우리엔지니어링,P-009,공압 실린더,4,78000
2117,2026-07-17 17:30:00,815-26-51664,라온메카닉스,P-008,DIN 레일 전원공급장치,4,65000
2118,2026-07-20 16:11:00,815-26-51664,라온메카닉스,P-002,근접 스위치,13,28000
2118,2026-07-20 16:11:00,815-26-51664,라온메카닉스,P-007,모터 드라이버,1,210000
2119,2026-07-20 09:10:00,573-96-76216,미래오토메이션,P-002,근접 스위치,15,28000
2119,2026-07-20 09:10:00,573-96-76216,미래오토메이션,P-011,산업용 릴레이,34,12000
2120,2026-07-20 17:55:00,249-77-73046,푸른산업,P-009,공압 실린더,21,78000
2121,2026-07-20 09:17:00,495-17-72762,대성기계,P-008,DIN 레일 전원공급장치,7,65000
2121,2026-07-20 09:17:00,495-17-72762,대성기계,P-003,M12 커넥터,21,8500
2122,2026-07-20 11:45:00,783-27-42751,다온테크,P-009,공압 실린더,9,78000
2123,2026-07-20 11:03:00,181-78-68910,한빛정밀,P-012,방열 팬 24V,41,9500
2123,2026-07-20 11:03:00,181-78-68910,한빛정밀,P-001,산업용 센서,32,45000
2123,2026-07-20 11:03:00,181-78-68910,한빛정밀,P-008,DIN 레일 전원공급장치,14,65000
2124,2026-07-21 16:39:00,969-90-43341,은하시스템,P-011,산업용 릴레이,78,12000
2125,2026-07-21 16:33:00,969-90-43341,은하시스템,P-004,케이블 하네스,64,15000
2126,2026-07-21 13:19:00,520-58-23885,온누리전기,P-002,근접 스위치,30,28000
2126,2026-07-21 13:19:00,520-58-23885,온누리전기,P-010,베어링 6204,121,6500
2127,2026-07-21 12:23:00,969-90-43341,은하시스템,P-010,베어링 6204,116,6500
2127,2026-07-21 12:23:00,969-90-43341,은하시스템,P-004,케이블 하네스,60,15000
2127,2026-07-21 12:23:00,969-90-43341,은하시스템,P-003,M12 커넥터,80,8500
2127,2026-07-21 12:23:00,969-90-43341,은하시스템,P-001,산업용 센서,21,45000
2128,2026-07-22 10:54:00,783-27-42751,다온테크,P-001,산업용 센서,25,45000
2128,2026-07-22 10:54:00,783-27-42751,다온테크,P-006,서보 모터,3,520000
2129,2026-07-22 12:08:00,599-86-84485,가온반도체,P-008,DIN 레일 전원공급장치,5,65000
2129,2026-07-22 12:08:00,599-86-84485,가온반도체,P-012,방열 팬 24V,37,9500
2130,2026-07-22 13:57:00,783-27-42751,다온테크,P-008,DIN 레일 전원공급장치,9,65000
2130,2026-07-22 13:57:00,783-27-42751,다온테크,P-002,근접 스위치,42,28000
2131,2026-07-22 14:19:00,550-43-26429,누리금속,P-002,근접 스위치,26,28000
2132,2026-07-22 12:05:00,969-90-43341,은하시스템,P-011,산업용 릴레이,84,12000
2132,2026-07-22 12:05:00,969-90-43341,은하시스템,P-010,베어링 6204,128,6500
2132,2026-07-22 12:05:00,969-90-43341,은하시스템,P-002,근접 스위치,30,28000
2133,2026-07-22 16:45:00,181-78-68910,한빛정밀,P-002,근접 스위치,26,28000
2133,2026-07-22 16:45:00,181-78-68910,한빛정밀,P-005,PLC 모듈,4,380000
2133,2026-07-22 16:45:00,181-78-68910,한빛정밀,P-011,산업용 릴레이,80,12000
2134,2026-07-22 17:47:00,249-77-73046,푸른산업,P-007,모터 드라이버,3,210000
2134,2026-07-22 17:47:00,249-77-73046,푸른산업,P-001,산업용 센서,36,45000
2135,2026-07-22 10:23:00,573-96-76216,미래오토메이션,P-008,DIN 레일 전원공급장치,4,65000
2135,2026-07-22 10:23:00,573-96-76216,미래오토메이션,P-011,산업용 릴레이,42,12000
2135,2026-07-22 10:23:00,573-96-76216,미래오토메이션,P-012,방열 팬 24V,24,9500
2135,2026-07-22 10:23:00,573-96-76216,미래오토메이션,P-001,산업용 센서,19,45000
2136,2026-07-23 13:01:00,520-58-23885,온누리전기,P-003,M12 커넥터,323,8500
2136,2026-07-23 13:01:00,520-58-23885,온누리전기,P-006,서보 모터,13,520000
2136,2026-07-23 13:01:00,520-58-23885,온누리전기,P-001,산업용 센서,93,45000
2136,2026-07-23 13:01:00,520-58-23885,온누리전기,P-012,방열 팬 24V,155,9500
2137,2026-07-23 09:35:00,969-90-43341,은하시스템,P-002,근접 스위치,36,28000
2137,2026-07-23 09:35:00,969-90-43341,은하시스템,P-008,DIN 레일 전원공급장치,12,65000
2137,2026-07-23 09:35:00,969-90-43341,은하시스템,P-003,M12 커넥터,84,8500
2137,2026-07-23 09:35:00,969-90-43341,은하시스템,P-001,산업용 센서,29,45000
2138,2026-07-23 11:29:00,573-96-76216,미래오토메이션,P-003,M12 커넥터,56,8500
2139,2026-07-23 10:21:00,573-96-76216,미래오토메이션,P-002,근접 스위치,25,28000
2139,2026-07-23 10:21:00,573-96-76216,미래오토메이션,P-008,DIN 레일 전원공급장치,5,65000
2140,2026-07-23 12:45:00,181-78-68910,한빛정밀,P-011,산업용 릴레이,78,12000
2141,2026-07-23 17:34:00,520-58-23885,온누리전기,P-012,방열 팬 24V,40,9500
2142,2026-07-23 09:33:00,933-45-84047,해든로보틱스,P-012,방열 팬 24V,41,9500
2142,2026-07-23 09:33:00,933-45-84047,해든로보틱스,P-003,M12 커넥터,81,8500
2143,2026-07-23 10:02:00,249-77-73046,푸른산업,P-001,산업용 센서,36,45000
2143,2026-07-23 10:02:00,249-77-73046,푸른산업,P-009,공압 실린더,19,78000
2144,2026-07-23 14:57:00,520-58-23885,온누리전기,P-004,케이블 하네스,63,15000
2145,2026-07-23 15:15:00,550-43-26429,누리금속,P-006,서보 모터,2,520000
2145,2026-07-23 15:15:00,550-43-26429,누리금속,P-003,M12 커넥터,69,8500
2145,2026-07-23 15:15:00,550-43-26429,누리금속,P-008,DIN 레일 전원공급장치,11,65000
2146,2026-07-24 09:18:00,929-76-42997,청솔설비,P-008,DIN 레일 전원공급장치,9,65000
2146,2026-07-24 09:18:00,929-76-42997,청솔설비,P-003,M12 커넥터,48,8500
2147,2026-07-24 12:40:00,249-77-73046,푸른산업,P-003,M12 커넥터,132,8500
2147,2026-07-24 12:40:00,249-77-73046,푸른산업,P-008,DIN 레일 전원공급장치,15,65000
2147,2026-07-24 12:40:00,249-77-73046,푸른산업,P-001,산업용 센서,32,45000
2148,2026-07-24 10:48:00,495-17-72762,대성기계,P-011,산업용 릴레이,9,12000
2149,2026-07-25 12:27:00,550-43-26429,누리금속,P-009,공압 실린더,8,78000
2149,2026-07-25 12:27:00,550-43-26429,누리금속,P-004,케이블 하네스,37,15000
2150,2026-07-25 12:39:00,929-76-42997,청솔설비,P-006,서보 모터,2,520000
2151,2026-07-27 17:41:00,249-77-73046,푸른산업,P-002,근접 스위치,37,28000
2152,2026-07-27 13:03:00,573-96-76216,미래오토메이션,P-001,산업용 센서,17,45000
2152,2026-07-27 13:03:00,573-96-76216,미래오토메이션,P-004,케이블 하네스,28,15000
2153,2026-07-27 16:03:00,181-78-68910,한빛정밀,P-010,베어링 6204,119,6500
2154,2026-07-27 10:04:00,520-58-23885,온누리전기,P-011,산업용 릴레이,74,12000
2154,2026-07-27 10:04:00,520-58-23885,온누리전기,P-012,방열 팬 24V,51,9500
2154,2026-07-27 10:04:00,520-58-23885,온누리전기,P-009,공압 실린더,15,78000
2155,2026-07-28 17:45:00,181-78-68910,한빛정밀,P-010,베어링 6204,114,6500
2155,2026-07-28 17:45:00,181-78-68910,한빛정밀,P-007,모터 드라이버,2,210000
2156,2026-07-28 15:40:00,784-55-21530,새봄전자,P-003,M12 커넥터,35,8500
2157,2026-07-28 15:26:00,249-77-73046,푸른산업,P-010,베어링 6204,166,6500
2157,2026-07-28 15:26:00,249-77-73046,푸른산업,P-003,M12 커넥터,122,8500
2158,2026-07-28 14:21:00,599-86-84485,가온반도체,P-002,근접 스위치,96,28000
2158,2026-07-28 14:21:00,599-86-84485,가온반도체,P-010,베어링 6204,332,6500
2158,2026-07-28 14:21:00,599-86-84485,가온반도체,P-003,M12 커넥터,241,8500
2159,2026-07-28 12:36:00,520-58-23885,온누리전기,P-001,산업용 센서,26,45000
2159,2026-07-28 12:36:00,520-58-23885,온누리전기,P-010,베어링 6204,113,6500
2160,2026-07-29 13:57:00,783-27-42751,다온테크,P-009,공압 실린더,12,78000
2161,2026-07-29 12:33:00,599-86-84485,가온반도체,P-010,베어링 6204,74,6500
2161,2026-07-29 12:33:00,599-86-84485,가온반도체,P-001,산업용 센서,26,45000
2162,2026-07-29 15:31:00,505-30-18292,우리엔지니어링,P-012,방열 팬 24V,20,9500
2162,2026-07-29 15:31:00,505-30-18292,우리엔지니어링,P-002,근접 스위치,19,28000
2163,2026-07-29 13:02:00,419-49-90380,동서기계,P-001,산업용 센서,14,45000
2163,2026-07-29 13:02:00,419-49-90380,동서기계,P-003,M12 커넥터,39,8500
2163,2026-07-29 13:02:00,419-49-90380,동서기계,P-010,베어링 6204,55,6500
2164,2026-07-29 09:12:00,181-78-68910,한빛정밀,P-011,산업용 릴레이,76,12000
2164,2026-07-29 09:12:00,181-78-68910,한빛정밀,P-002,근접 스위치,36,28000
2165,2026-07-29 11:29:00,495-17-72762,대성기계,P-003,M12 커넥터,18,8500
2165,2026-07-29 11:29:00,495-17-72762,대성기계,P-001,산업용 센서,5,45000
2166,2026-07-29 16:32:00,573-96-76216,미래오토메이션,P-010,베어링 6204,64,6500
2166,2026-07-29 16:32:00,573-96-76216,미래오토메이션,P-002,근접 스위치,25,28000
2167,2026-07-29 15:00:00,550-43-26429,누리금속,P-009,공압 실린더,10,78000
2167,2026-07-29 15:00:00,550-43-26429,누리금속,P-002,근접 스위치,27,28000
2168,2026-07-30 14:33:00,181-78-68910,한빛정밀,P-010,베어링 6204,105,6500
2168,2026-07-30 14:33:00,181-78-68910,한빛정밀,P-003,M12 커넥터,91,8500
2168,2026-07-30 14:33:00,181-78-68910,한빛정밀,P-011,산업용 릴레이,69,12000
2169,2026-07-30 15:41:00,933-45-84047,해든로보틱스,P-010,베어링 6204,120,6500
2169,2026-07-30 15:41:00,933-45-84047,해든로보틱스,P-011,산업용 릴레이,59,12000
2169,2026-07-30 15:41:00,933-45-84047,해든로보틱스,P-001,산업용 센서,29,45000
2170,2026-07-31 15:06:00,969-90-43341,은하시스템,P-004,케이블 하네스,52,15000
2171,2026-07-31 09:18:00,505-30-18292,우리엔지니어링,P-011,산업용 릴레이,41,12000
2171,2026-07-31 09:18:00,505-30-18292,우리엔지니어링,P-003,M12 커넥터,46,8500
2171,2026-07-31 09:18:00,505-30-18292,우리엔지니어링,P-001,산업용 센서,14,45000
2172,2026-07-31 09:49:00,249-77-73046,푸른산업,P-010,베어링 6204,168,6500
2172,2026-07-31 09:49:00,249-77-73046,푸른산업,P-001,산업용 센서,52,45000
2173,2026-07-31 13:08:00,550-43-26429,누리금속,P-004,케이블 하네스,52,15000
2173,2026-07-31 13:08:00,550-43-26429,누리금속,P-003,M12 커넥터,81,8500
2173,2026-07-31 13:08:00,550-43-26429,누리금속,P-007,모터 드라이버,5,210000
2174,2026-07-31 15:05:00,815-26-51664,라온메카닉스,P-004,케이블 하네스,26,15000
2175,2026-08-01 09:09:00,784-55-21530,새봄전자,P-004,케이블 하네스,27,15000
2175,2026-08-01 09:09:00,784-55-21530,새봄전자,P-002,근접 스위치,11,28000
2175,2026-08-01 09:09:00,784-55-21530,새봄전자,P-011,산업용 릴레이,40,12000
2176,2026-08-01 09:24:00,249-77-73046,푸른산업,P-010,베어링 6204,175,6500
2176,2026-08-01 09:24:00,249-77-73046,푸른산업,P-011,산업용 릴레이,94,12000
2176,2026-08-01 09:24:00,249-77-73046,푸른산업,P-005,PLC 모듈,12,380000
2176,2026-08-01 09:24:00,249-77-73046,푸른산업,P-003,M12 커넥터,114,8500
2177,2026-08-02 14:50:00,783-27-42751,다온테크,P-001,산업용 센서,26,45000
2178,2026-08-03 10:36:00,520-58-23885,온누리전기,P-001,산업용 센서,27,45000
2178,2026-08-03 10:36:00,520-58-23885,온누리전기,P-007,모터 드라이버,7,210000
2178,2026-08-03 10:36:00,520-58-23885,온누리전기,P-011,산업용 릴레이,64,12000
2179,2026-08-03 10:44:00,815-26-51664,라온메카닉스,P-011,산업용 릴레이,31,12000
2180,2026-08-03 11:38:00,181-78-68910,한빛정밀,P-011,산업용 릴레이,77,12000
2180,2026-08-03 11:38:00,181-78-68910,한빛정밀,P-001,산업용 센서,25,45000
2180,2026-08-03 11:38:00,181-78-68910,한빛정밀,P-005,PLC 모듈,4,380000
2181,2026-08-03 13:52:00,505-30-18292,우리엔지니어링,P-004,케이블 하네스,33,15000
2181,2026-08-03 13:52:00,505-30-18292,우리엔지니어링,P-011,산업용 릴레이,26,12000
2181,2026-08-03 13:52:00,505-30-18292,우리엔지니어링,P-002,근접 스위치,17,28000
2182,2026-08-03 16:51:00,550-43-26429,누리금속,P-002,근접 스위치,26,28000
2182,2026-08-03 16:51:00,550-43-26429,누리금속,P-011,산업용 릴레이,49,12000
2182,2026-08-03 16:51:00,550-43-26429,누리금속,P-003,M12 커넥터,64,8500
2182,2026-08-03 16:51:00,550-43-26429,누리금속,P-010,베어링 6204,78,6500
2182,2026-08-03 16:51:00,550-43-26429,누리금속,P-008,DIN 레일 전원공급장치,12,65000
2182,2026-08-03 16:51:00,550-43-26429,누리금속,P-004,케이블 하네스,40,15000
2182,2026-08-03 16:51:00,550-43-26429,누리금속,P-001,산업용 센서,25,45000
2183,2026-08-03 13:21:00,783-27-42751,다온테크,P-001,산업용 센서,22,45000
2183,2026-08-03 13:21:00,783-27-42751,다온테크,P-002,근접 스위치,34,28000
2184,2026-08-03 17:05:00,550-43-26429,누리금속,P-003,M12 커넥터,62,8500
2184,2026-08-03 17:05:00,550-43-26429,누리금속,P-002,근접 스위치,20,28000
2185,2026-08-03 13:12:00,249-77-73046,푸른산업,P-004,케이블 하네스,90,15000
2185,2026-08-03 13:12:00,249-77-73046,푸른산업,P-012,방열 팬 24V,66,9500
2186,2026-08-03 17:39:00,933-45-84047,해든로보틱스,P-010,베어링 6204,112,6500
2186,2026-08-03 17:39:00,933-45-84047,해든로보틱스,P-012,방열 팬 24V,34,9500
2187,2026-08-03 09:34:00,783-27-42751,다온테크,P-001,산업용 센서,18,45000
2187,2026-08-03 09:34:00,783-27-42751,다온테크,P-004,케이블 하네스,50,15000
2187,2026-08-03 09:34:00,783-27-42751,다온테크,P-010,베어링 6204,82,6500
2187,2026-08-03 09:34:00,783-27-42751,다온테크,P-011,산업용 릴레이,58,12000
2187,2026-08-03 09:34:00,783-27-42751,다온테크,P-003,M12 커넥터,70,8500
2187,2026-08-03 09:34:00,783-27-42751,다온테크,P-007,모터 드라이버,2,210000
2187,2026-08-03 09:34:00,783-27-42751,다온테크,P-012,방열 팬 24V,43,9500
2188,2026-08-04 17:54:00,929-76-42997,청솔설비,P-001,산업용 센서,19,45000
2188,2026-08-04 17:54:00,929-76-42997,청솔설비,P-010,베어링 6204,49,6500
2189,2026-08-04 12:30:00,783-27-42751,다온테크,P-011,산업용 릴레이,43,12000
2189,2026-08-04 12:30:00,783-27-42751,다온테크,P-004,케이블 하네스,36,15000
2190,2026-08-05 11:29:00,181-78-68910,한빛정밀,P-002,근접 스위치,39,28000
2190,2026-08-05 11:29:00,181-78-68910,한빛정밀,P-010,베어링 6204,115,6500
2191,2026-08-05 12:42:00,249-77-73046,푸른산업,P-011,산업용 릴레이,101,12000
2192,2026-08-05 10:57:00,520-58-23885,온누리전기,P-004,케이블 하네스,42,15000
2192,2026-08-05 10:57:00,520-58-23885,온누리전기,P-010,베어링 6204,93,6500
2192,2026-08-05 10:57:00,520-58-23885,온누리전기,P-003,M12 커넥터,71,8500
2192,2026-08-05 10:57:00,520-58-23885,온누리전기,P-001,산업용 센서,20,45000
2193,2026-08-05 11:52:00,933-45-84047,해든로보틱스,P-004,케이블 하네스,51,15000
2193,2026-08-05 11:52:00,933-45-84047,해든로보틱스,P-010,베어링 6204,119,6500
2193,2026-08-05 11:52:00,933-45-84047,해든로보틱스,P-001,산업용 센서,22,45000
2194,2026-08-05 09:00:00,784-55-21530,새봄전자,P-002,근접 스위치,17,28000
2194,2026-08-05 09:00:00,784-55-21530,새봄전자,P-004,케이블 하네스,20,15000
2195,2026-08-05 16:47:00,550-43-26429,누리금속,P-002,근접 스위치,23,28000
2195,2026-08-05 16:47:00,550-43-26429,누리금속,P-001,산업용 센서,27,45000
2196,2026-08-05 11:20:00,599-86-84485,가온반도체,P-003,M12 커넥터,53,8500
2196,2026-08-05 11:20:00,599-86-84485,가온반도체,P-005,PLC 모듈,4,380000
2197,2026-08-06 16:40:00,783-27-42751,다온테크,P-003,M12 커넥터,72,8500
2197,2026-08-06 16:40:00,783-27-42751,다온테크,P-010,베어링 6204,89,6500
2198,2026-08-06 11:16:00,249-77-73046,푸른산업,P-007,모터 드라이버,5,210000
2198,2026-08-06 11:16:00,249-77-73046,푸른산업,P-001,산업용 센서,58,45000
2199,2026-08-06 10:49:00,249-77-73046,푸른산업,P-011,산업용 릴레이,104,12000
2199,2026-08-06 10:49:00,249-77-73046,푸른산업,P-001,산업용 센서,55,45000
2199,2026-08-06 10:49:00,249-77-73046,푸른산업,P-003,M12 커넥터,105,8500
2200,2026-08-06 09:01:00,969-90-43341,은하시스템,P-004,케이블 하네스,62,15000
2200,2026-08-06 09:01:00,969-90-43341,은하시스템,P-011,산업용 릴레이,58,12000
2201,2026-08-06 10:50:00,783-27-42751,다온테크,P-001,산업용 센서,24,45000
2201,2026-08-06 10:50:00,783-27-42751,다온테크,P-008,DIN 레일 전원공급장치,14,65000
2202,2026-08-06 10:09:00,969-90-43341,은하시스템,P-009,공압 실린더,13,78000
2203,2026-08-06 09:42:00,969-90-43341,은하시스템,P-008,DIN 레일 전원공급장치,15,65000
2203,2026-08-06 09:42:00,969-90-43341,은하시스템,P-006,서보 모터,3,520000
2204,2026-08-06 17:40:00,815-26-51664,라온메카닉스,P-001,산업용 센서,16,45000
2205,2026-08-07 10:31:00,419-49-90380,동서기계,P-010,베어링 6204,60,6500
2205,2026-08-07 10:31:00,419-49-90380,동서기계,P-004,케이블 하네스,29,15000
2205,2026-08-07 10:31:00,419-49-90380,동서기계,P-002,근접 스위치,19,28000
2205,2026-08-07 10:31:00,419-49-90380,동서기계,P-003,M12 커넥터,40,8500
2205,2026-08-07 10:31:00,419-49-90380,동서기계,P-007,모터 드라이버,2,210000
2206,2026-08-07 17:30:00,505-30-18292,우리엔지니어링,P-003,M12 커넥터,26,8500
2206,2026-08-07 17:30:00,505-30-18292,우리엔지니어링,P-011,산업용 릴레이,35,12000
2206,2026-08-07 17:30:00,505-30-18292,우리엔지니어링,P-002,근접 스위치,20,28000
2207,2026-08-07 14:04:00,181-78-68910,한빛정밀,P-010,베어링 6204,116,6500
2207,2026-08-07 14:04:00,181-78-68910,한빛정밀,P-001,산업용 센서,26,45000
2207,2026-08-07 14:04:00,181-78-68910,한빛정밀,P-009,공압 실린더,15,78000
2207,2026-08-07 14:04:00,181-78-68910,한빛정밀,P-008,DIN 레일 전원공급장치,13,65000
2208,2026-08-07 15:40:00,969-90-43341,은하시스템,P-005,PLC 모듈,3,380000
2209,2026-08-08 09:32:00,933-45-84047,해든로보틱스,P-003,M12 커넥터,82,8500
2210,2026-08-08 16:55:00,783-27-42751,다온테크,P-001,산업용 센서,19,45000
2210,2026-08-08 16:55:00,783-27-42751,다온테크,P-010,베어링 6204,101,6500
2210,2026-08-08 16:55:00,783-27-42751,다온테크,P-003,M12 커넥터,68,8500
2210,2026-08-08 16:55:00,783-27-42751,다온테크,P-009,공압 실린더,7,78000
2211,2026-08-09 15:57:00,419-49-90380,동서기계,P-006,서보 모터,1,520000
2211,2026-08-09 15:57:00,419-49-90380,동서기계,P-004,케이블 하네스,39,15000
2212,2026-08-10 15:36:00,181-78-68910,한빛정밀,P-003,M12 커넥터,90,8500
2213,2026-08-10 09:28:00,181-78-68910,한빛정밀,P-003,M12 커넥터,88,8500
2214,2026-08-10 09:27:00,573-96-76216,미래오토메이션,P-010,베어링 6204,69,6500
2214,2026-08-10 09:27:00,573-96-76216,미래오토메이션,P-012,방열 팬 24V,31,9500
2214,2026-08-10 09:27:00,573-96-76216,미래오토메이션,P-011,산업용 릴레이,37,12000
2215,2026-08-10 11:19:00,249-77-73046,푸른산업,P-010,베어링 6204,159,6500
2215,2026-08-10 11:19:00,249-77-73046,푸른산업,P-001,산업용 센서,39,45000
2216,2026-08-10 14:18:00,520-58-23885,온누리전기,P-010,베어링 6204,110,6500
2217,2026-08-10 10:29:00,249-77-73046,푸른산업,P-001,산업용 센서,43,45000
2217,2026-08-10 10:29:00,249-77-73046,푸른산업,P-010,베어링 6204,156,6500
2218,2026-08-11 16:54:00,419-49-90380,동서기계,P-003,M12 커넥터,35,8500
2218,2026-08-11 16:54:00,419-49-90380,동서기계,P-004,케이블 하네스,33,15000
2219,2026-08-11 16:00:00,933-45-84047,해든로보틱스,P-012,방열 팬 24V,55,9500
2219,2026-08-11 16:00:00,933-45-84047,해든로보틱스,P-009,공압 실린더,12,78000
2219,2026-08-11 16:00:00,933-45-84047,해든로보틱스,P-002,근접 스위치,38,28000
2220,2026-08-11 13:59:00,783-27-42751,다온테크,P-004,케이블 하네스,43,15000
2221,2026-08-11 17:05:00,249-77-73046,푸른산업,P-002,근접 스위치,54,28000
2222,2026-08-11 15:30:00,520-58-23885,온누리전기,P-009,공압 실린더,9,78000
2223,2026-08-12 13:43:00,969-90-43341,은하시스템,P-001,산업용 센서,28,45000
2223,2026-08-12 13:43:00,969-90-43341,은하시스템,P-005,PLC 모듈,6,380000
2223,2026-08-12 13:43:00,969-90-43341,은하시스템,P-007,모터 드라이버,6,210000
2224,2026-08-12 11:10:00,969-90-43341,은하시스템,P-002,근접 스위치,48,28000
2224,2026-08-12 11:10:00,969-90-43341,은하시스템,P-009,공압 실린더,17,78000
2225,2026-08-12 17:34:00,495-17-72762,대성기계,P-011,산업용 릴레이,17,12000
2225,2026-08-12 17:34:00,495-17-72762,대성기계,P-001,산업용 센서,4,45000
2226,2026-08-12 12:27:00,933-45-84047,해든로보틱스,P-002,근접 스위치,40,28000
2226,2026-08-12 12:27:00,933-45-84047,해든로보틱스,P-011,산업용 릴레이,63,12000
2227,2026-08-12 15:55:00,249-77-73046,푸른산업,P-002,근접 스위치,52,28000
2227,2026-08-12 15:55:00,249-77-73046,푸른산업,P-001,산업용 센서,34,45000
2228,2026-08-13 13:02:00,929-76-42997,청솔설비,P-012,방열 팬 24V,30,9500
2228,2026-08-13 13:02:00,929-76-42997,청솔설비,P-002,근접 스위치,14,28000
2228,2026-08-13 13:02:00,929-76-42997,청솔설비,P-001,산업용 센서,10,45000
2229,2026-08-13 17:22:00,249-77-73046,푸른산업,P-011,산업용 릴레이,109,12000
2229,2026-08-13 17:22:00,249-77-73046,푸른산업,P-006,서보 모터,4,520000
2230,2026-08-13 12:08:00,520-58-23885,온누리전기,P-008,DIN 레일 전원공급장치,13,65000
2231,2026-08-14 14:34:00,181-78-68910,한빛정밀,P-004,케이블 하네스,59,15000
2231,2026-08-14 14:34:00,181-78-68910,한빛정밀,P-009,공압 실린더,10,78000
2232,2026-08-14 15:28:00,969-90-43341,은하시스템,P-003,M12 커넥터,90,8500
2232,2026-08-14 15:28:00,969-90-43341,은하시스템,P-004,케이블 하네스,56,15000
2233,2026-08-14 16:58:00,550-43-26429,누리금속,P-011,산업용 릴레이,55,12000
2233,2026-08-14 16:58:00,550-43-26429,누리금속,P-010,베어링 6204,68,6500
2233,2026-08-14 16:58:00,550-43-26429,누리금속,P-001,산업용 센서,21,45000
2234,2026-08-14 17:18:00,181-78-68910,한빛정밀,P-004,케이블 하네스,57,15000
2235,2026-08-14 13:13:00,249-77-73046,푸른산업,P-006,서보 모터,4,520000
2235,2026-08-14 13:13:00,249-77-73046,푸른산업,P-001,산업용 센서,50,45000
2236,2026-08-14 12:18:00,969-90-43341,은하시스템,P-003,M12 커넥터,74,8500
2236,2026-08-14 12:18:00,969-90-43341,은하시스템,P-011,산업용 릴레이,56,12000
2236,2026-08-14 12:18:00,969-90-43341,은하시스템,P-010,베어링 6204,121,6500
2236,2026-08-14 12:18:00,969-90-43341,은하시스템,P-001,산업용 센서,26,45000
2237,2026-08-14 15:43:00,599-86-84485,가온반도체,P-011,산업용 릴레이,49,12000
2237,2026-08-14 15:43:00,599-86-84485,가온반도체,P-002,근접 스위치,22,28000
2238,2026-08-14 09:04:00,249-77-73046,푸른산업,P-011,산업용 릴레이,96,12000
2238,2026-08-14 09:04:00,249-77-73046,푸른산업,P-002,근접 스위치,48,28000
2238,2026-08-14 09:04:00,249-77-73046,푸른산업,P-012,방열 팬 24V,65,9500
2238,2026-08-14 09:04:00,249-77-73046,푸른산업,P-003,M12 커넥터,123,8500
2239,2026-08-14 14:00:00,505-30-18292,우리엔지니어링,P-009,공압 실린더,1,78000
2239,2026-08-14 14:00:00,505-30-18292,우리엔지니어링,P-010,베어링 6204,48,6500
2240,2026-08-17 17:43:00,181-78-68910,한빛정밀,P-008,DIN 레일 전원공급장치,10,65000
2241,2026-08-17 10:20:00,249-77-73046,푸른산업,P-001,산업용 센서,40,45000
2242,2026-08-17 12:48:00,249-77-73046,푸른산업,P-005,PLC 모듈,8,380000
2243,2026-08-17 12:36:00,969-90-43341,은하시스템,P-005,PLC 모듈,2,380000
2244,2026-08-17 17:46:00,181-78-68910,한빛정밀,P-002,근접 스위치,32,28000
2244,2026-08-17 17:46:00,181-78-68910,한빛정밀,P-004,케이블 하네스,71,15000
2244,2026-08-17 17:46:00,181-78-68910,한빛정밀,P-008,DIN 레일 전원공급장치,17,65000
2245,2026-08-17 15:30:00,249-77-73046,푸른산업,P-002,근접 스위치,219,28000
2246,2026-08-17 16:23:00,783-27-42751,다온테크,P-001,산업용 센서,28,45000
2246,2026-08-17 16:23:00,783-27-42751,다온테크,P-007,모터 드라이버,4,210000
2246,2026-08-17 16:23:00,783-27-42751,다온테크,P-010,베어링 6204,99,6500
2246,2026-08-17 16:23:00,783-27-42751,다온테크,P-005,PLC 모듈,3,380000
2247,2026-08-17 15:50:00,249-77-73046,푸른산업,P-003,M12 커넥터,118,8500
2247,2026-08-17 15:50:00,249-77-73046,푸른산업,P-004,케이블 하네스,82,15000
2248,2026-08-18 13:36:00,783-27-42751,다온테크,P-003,M12 커넥터,65,8500
2249,2026-08-18 12:19:00,929-76-42997,청솔설비,P-005,PLC 모듈,2,380000
2249,2026-08-18 12:19:00,929-76-42997,청솔설비,P-003,M12 커넥터,47,8500
2250,2026-08-18 11:03:00,249-77-73046,푸른산업,P-002,근접 스위치,53,28000
2250,2026-08-18 11:03:00,249-77-73046,푸른산업,P-001,산업용 센서,28,45000
2251,2026-08-18 13:26:00,249-77-73046,푸른산업,P-001,산업용 센서,40,45000
2251,2026-08-18 13:26:00,249-77-73046,푸른산업,P-003,M12 커넥터,101,8500
2252,2026-08-18 14:59:00,783-27-42751,다온테크,P-003,M12 커넥터,62,8500
2253,2026-08-18 11:37:00,783-27-42751,다온테크,P-004,케이블 하네스,56,15000
2253,2026-08-18 11:37:00,783-27-42751,다온테크,P-002,근접 스위치,34,28000
2253,2026-08-18 11:37:00,783-27-42751,다온테크,P-010,베어링 6204,118,6500
2254,2026-08-18 11:03:00,783-27-42751,다온테크,P-001,산업용 센서,32,45000
2254,2026-08-18 11:03:00,783-27-42751,다온테크,P-003,M12 커넥터,81,8500
2254,2026-08-18 11:03:00,783-27-42751,다온테크,P-010,베어링 6204,97,6500
2254,2026-08-18 11:03:00,783-27-42751,다온테크,P-009,공압 실린더,13,78000
2255,2026-08-19 16:39:00,249-77-73046,푸른산업,P-004,케이블 하네스,89,15000
2256,2026-08-19 14:35:00,969-90-43341,은하시스템,P-010,베어링 6204,99,6500
2256,2026-08-19 14:35:00,969-90-43341,은하시스템,P-012,방열 팬 24V,47,9500
2257,2026-08-19 14:36:00,249-77-73046,푸른산업,P-003,M12 커넥터,510,8500
2257,2026-08-19 14:36:00,249-77-73046,푸른산업,P-010,베어링 6204,650,6500
2258,2026-08-19 15:03:00,969-90-43341,은하시스템,P-002,근접 스위치,37,28000
2258,2026-08-19 15:03:00,969-90-43341,은하시스템,P-001,산업용 센서,26,45000
2258,2026-08-19 15:03:00,969-90-43341,은하시스템,P-010,베어링 6204,97,6500
2259,2026-08-20 17:56:00,419-49-90380,동서기계,P-001,산업용 센서,14,45000
2259,2026-08-20 17:56:00,419-49-90380,동서기계,P-004,케이블 하네스,30,15000
2259,2026-08-20 17:56:00,419-49-90380,동서기계,P-009,공압 실린더,5,78000
2259,2026-08-20 17:56:00,419-49-90380,동서기계,P-003,M12 커넥터,44,8500
2259,2026-08-20 17:56:00,419-49-90380,동서기계,P-002,근접 스위치,15,28000
2260,2026-08-20 12:35:00,181-78-68910,한빛정밀,P-005,PLC 모듈,6,380000
2260,2026-08-20 12:35:00,181-78-68910,한빛정밀,P-003,M12 커넥터,80,8500
2261,2026-08-20 09:48:00,249-77-73046,푸른산업,P-002,근접 스위치,45,28000
2262,2026-08-20 16:10:00,969-90-43341,은하시스템,P-002,근접 스위치,34,28000
2262,2026-08-20 16:10:00,969-90-43341,은하시스템,P-007,모터 드라이버,4,210000
2262,2026-08-20 16:10:00,969-90-43341,은하시스템,P-008,DIN 레일 전원공급장치,13,65000
2262,2026-08-20 16:10:00,969-90-43341,은하시스템,P-001,산업용 센서,30,45000
2262,2026-08-20 16:10:00,969-90-43341,은하시스템,P-010,베어링 6204,110,6500
2262,2026-08-20 16:10:00,969-90-43341,은하시스템,P-011,산업용 릴레이,61,12000
2263,2026-08-20 12:56:00,929-76-42997,청솔설비,P-003,M12 커넥터,49,8500
2263,2026-08-20 12:56:00,929-76-42997,청솔설비,P-011,산업용 릴레이,31,12000
2263,2026-08-20 12:56:00,929-76-42997,청솔설비,P-008,DIN 레일 전원공급장치,4,65000
2264,2026-08-20 17:40:00,520-58-23885,온누리전기,P-002,근접 스위치,34,28000
2264,2026-08-20 17:40:00,520-58-23885,온누리전기,P-001,산업용 센서,36,45000
2264,2026-08-20 17:40:00,520-58-23885,온누리전기,P-011,산업용 릴레이,67,12000
2264,2026-08-20 17:40:00,520-58-23885,온누리전기,P-012,방열 팬 24V,38,9500
2265,2026-08-21 09:44:00,181-78-68910,한빛정밀,P-002,근접 스위치,37,28000
2265,2026-08-21 09:44:00,181-78-68910,한빛정밀,P-001,산업용 센서,29,45000
2265,2026-08-21 09:44:00,181-78-68910,한빛정밀,P-004,케이블 하네스,71,15000
2266,2026-08-21 15:41:00,969-90-43341,은하시스템,P-011,산업용 릴레이,81,12000
2266,2026-08-21 15:41:00,969-90-43341,은하시스템,P-010,베어링 6204,99,6500
2266,2026-08-21 15:41:00,969-90-43341,은하시스템,P-002,근접 스위치,36,28000
2267,2026-08-21 14:35:00,249-77-73046,푸른산업,P-002,근접 스위치,60,28000
2268,2026-08-21 15:48:00,969-90-43341,은하시스템,P-010,베어링 6204,130,6500
2268,2026-08-21 15:48:00,969-90-43341,은하시스템,P-007,모터 드라이버,4,210000
2269,2026-08-21 17:09:00,784-55-21530,새봄전자,P-002,근접 스위치,15,28000
2270,2026-08-22 10:04:00,969-90-43341,은하시스템,P-010,베어링 6204,109,6500
2270,2026-08-22 10:04:00,969-90-43341,은하시스템,P-002,근접 스위치,39,28000
2270,2026-08-22 10:04:00,969-90-43341,은하시스템,P-004,케이블 하네스,45,15000
2271,2026-08-24 11:29:00,783-27-42751,다온테크,P-003,M12 커넥터,71,8500
2272,2026-08-24 17:39:00,929-76-42997,청솔설비,P-003,M12 커넥터,51,8500
2272,2026-08-24 17:39:00,929-76-42997,청솔설비,P-010,베어링 6204,67,6500
2272,2026-08-24 17:39:00,929-76-42997,청솔설비,P-001,산업용 센서,16,45000
2273,2026-08-24 11:27:00,599-86-84485,가온반도체,P-002,근접 스위치,32,28000
2273,2026-08-24 11:27:00,599-86-84485,가온반도체,P-012,방열 팬 24V,38,9500
2274,2026-08-25 17:20:00,550-43-26429,누리금속,P-001,산업용 센서,16,45000
2275,2026-08-25 16:48:00,783-27-42751,다온테크,P-010,베어링 6204,109,6500
2276,2026-08-25 14:08:00,181-78-68910,한빛정밀,P-009,공압 실린더,13,78000
2276,2026-08-25 14:08:00,181-78-68910,한빛정밀,P-010,베어링 6204,124,6500
2277,2026-08-25 11:51:00,181-78-68910,한빛정밀,P-002,근접 스위치,44,28000
2277,2026-08-25 11:51:00,181-78-68910,한빛정밀,P-001,산업용 센서,22,45000
2278,2026-08-25 15:05:00,573-96-76216,미래오토메이션,P-001,산업용 센서,17,45000
2278,2026-08-25 15:05:00,573-96-76216,미래오토메이션,P-010,베어링 6204,58,6500
2278,2026-08-25 15:05:00,573-96-76216,미래오토메이션,P-007,모터 드라이버,1,210000
2278,2026-08-25 15:05:00,573-96-76216,미래오토메이션,P-002,근접 스위치,17,28000
2278,2026-08-25 15:05:00,573-96-76216,미래오토메이션,P-003,M12 커넥터,57,8500
2278,2026-08-25 15:05:00,573-96-76216,미래오토메이션,P-004,케이블 하네스,28,15000
2278,2026-08-25 15:05:00,573-96-76216,미래오토메이션,P-005,PLC 모듈,5,380000
2279,2026-08-25 17:42:00,969-90-43341,은하시스템,P-002,근접 스위치,35,28000
2279,2026-08-25 17:42:00,969-90-43341,은하시스템,P-001,산업용 센서,25,45000
2280,2026-08-26 14:29:00,181-78-68910,한빛정밀,P-010,베어링 6204,131,6500
2280,2026-08-26 14:29:00,181-78-68910,한빛정밀,P-012,방열 팬 24V,50,9500
2280,2026-08-26 14:29:00,181-78-68910,한빛정밀,P-003,M12 커넥터,88,8500
2281,2026-08-26 09:17:00,599-86-84485,가온반도체,P-002,근접 스위치,26,28000
2282,2026-08-26 11:35:00,599-86-84485,가온반도체,P-003,M12 커넥터,58,8500
2283,2026-08-26 11:09:00,783-27-42751,다온테크,P-002,근접 스위치,38,28000
2283,2026-08-26 11:09:00,783-27-42751,다온테크,P-001,산업용 센서,24,45000
2284,2026-08-26 13:37:00,969-90-43341,은하시스템,P-001,산업용 센서,23,45000
2284,2026-08-26 13:37:00,969-90-43341,은하시스템,P-003,M12 커넥터,74,8500
2285,2026-08-26 11:26:00,419-49-90380,동서기계,P-002,근접 스위치,20,28000
2286,2026-08-26 14:57:00,181-78-68910,한빛정밀,P-001,산업용 센서,41,45000
2286,2026-08-26 14:57:00,181-78-68910,한빛정밀,P-003,M12 커넥터,92,8500
2287,2026-08-27 12:34:00,419-49-90380,동서기계,P-008,DIN 레일 전원공급장치,8,65000
2288,2026-08-27 09:10:00,550-43-26429,누리금속,P-002,근접 스위치,22,28000
2289,2026-08-28 14:21:00,181-78-68910,한빛정밀,P-002,근접 스위치,35,28000
2289,2026-08-28 14:21:00,181-78-68910,한빛정밀,P-012,방열 팬 24V,43,9500
2289,2026-08-28 14:21:00,181-78-68910,한빛정밀,P-007,모터 드라이버,2,210000
2290,2026-08-28 11:03:00,419-49-90380,동서기계,P-010,베어링 6204,58,6500
2290,2026-08-28 11:03:00,419-49-90380,동서기계,P-001,산업용 센서,10,45000
2291,2026-08-28 14:03:00,249-77-73046,푸른산업,P-011,산업용 릴레이,110,12000
2291,2026-08-28 14:03:00,249-77-73046,푸른산업,P-003,M12 커넥터,110,8500
2291,2026-08-28 14:03:00,249-77-73046,푸른산업,P-002,근접 스위치,51,28000
2292,2026-08-28 15:08:00,573-96-76216,미래오토메이션,P-001,산업용 센서,19,45000
2292,2026-08-28 15:08:00,573-96-76216,미래오토메이션,P-002,근접 스위치,17,28000
2293,2026-08-28 09:30:00,505-30-18292,우리엔지니어링,P-008,DIN 레일 전원공급장치,6,65000
2293,2026-08-28 09:30:00,505-30-18292,우리엔지니어링,P-012,방열 팬 24V,19,9500
2293,2026-08-28 09:30:00,505-30-18292,우리엔지니어링,P-001,산업용 센서,13,45000
2293,2026-08-28 09:30:00,505-30-18292,우리엔지니어링,P-010,베어링 6204,47,6500
2294,2026-08-29 12:41:00,419-49-90380,동서기계,P-009,공압 실린더,6,78000
2295,2026-08-30 17:10:00,815-26-51664,라온메카닉스,P-003,M12 커넥터,38,8500
2296,2026-08-31 14:41:00,419-49-90380,동서기계,P-003,M12 커넥터,56,8500
2296,2026-08-31 14:41:00,419-49-90380,동서기계,P-011,산업용 릴레이,25,12000
2296,2026-08-31 14:41:00,419-49-90380,동서기계,P-002,근접 스위치,24,28000
2296,2026-08-31 14:41:00,419-49-90380,동서기계,P-010,베어링 6204,70,6500
2297,2026-08-31 16:07:00,249-77-73046,푸른산업,P-010,베어링 6204,167,6500
2297,2026-08-31 16:07:00,249-77-73046,푸른산업,P-002,근접 스위치,54,28000
2298,2026-08-31 17:44:00,181-78-68910,한빛정밀,P-001,산업용 센서,27,45000
2298,2026-08-31 17:44:00,181-78-68910,한빛정밀,P-002,근접 스위치,39,28000
2299,2026-08-31 11:57:00,249-77-73046,푸른산업,P-001,산업용 센서,43,45000
2299,2026-08-31 11:57:00,249-77-73046,푸른산업,P-002,근접 스위치,69,28000
2299,2026-08-31 11:57:00,249-77-73046,푸른산업,P-003,M12 커넥터,96,8500
2299,2026-08-31 11:57:00,249-77-73046,푸른산업,P-012,방열 팬 24V,54,9500
2300,2026-08-31 16:39:00,929-76-42997,청솔설비,P-011,산업용 릴레이,48,12000
2301,2026-08-31 10:00:00,929-76-42997,청솔설비,P-007,모터 드라이버,3,210000
2301,2026-08-31 10:00:00,929-76-42997,청솔설비,P-004,케이블 하네스,22,15000
2302,2026-08-31 16:59:00,599-86-84485,가온반도체,P-003,M12 커넥터,46,8500
2303,2026-08-31 17:07:00,419-49-90380,동서기계,P-002,근접 스위치,20,28000
2303,2026-08-31 17:07:00,419-49-90380,동서기계,P-011,산업용 릴레이,52,12000
2304,2026-08-31 09:22:00,181-78-68910,한빛정밀,P-012,방열 팬 24V,40,9500
2304,2026-08-31 09:22:00,181-78-68910,한빛정밀,P-002,근접 스위치,43,28000
2304,2026-08-31 09:22:00,181-78-68910,한빛정밀,P-008,DIN 레일 전원공급장치,14,65000
2305,2026-08-31 10:46:00,783-27-42751,다온테크,P-004,케이블 하네스,51,15000
2305,2026-08-31 10:46:00,783-27-42751,다온테크,P-008,DIN 레일 전원공급장치,15,65000
2306,2026-08-31 11:27:00,599-86-84485,가온반도체,P-008,DIN 레일 전원공급장치,10,65000
2306,2026-08-31 11:27:00,599-86-84485,가온반도체,P-002,근접 스위치,26,28000
2307,2026-09-01 14:00:00,599-86-84485,가온반도체,P-006,서보 모터,1,520000
2307,2026-09-01 14:00:00,599-86-84485,가온반도체,P-011,산업용 릴레이,56,12000
2308,2026-09-01 11:18:00,573-96-76216,미래오토메이션,P-002,근접 스위치,17,28000
2308,2026-09-01 11:18:00,573-96-76216,미래오토메이션,P-004,케이블 하네스,32,15000
2309,2026-09-01 12:52:00,573-96-76216,미래오토메이션,P-001,산업용 센서,14,45000
2309,2026-09-01 12:52:00,573-96-76216,미래오토메이션,P-012,방열 팬 24V,30,9500
2310,2026-09-01 12:43:00,419-49-90380,동서기계,P-008,DIN 레일 전원공급장치,8,65000
2311,2026-09-01 10:42:00,181-78-68910,한빛정밀,P-003,M12 커넥터,68,8500
2311,2026-09-01 10:42:00,181-78-68910,한빛정밀,P-008,DIN 레일 전원공급장치,13,65000
2312,2026-09-01 09:57:00,550-43-26429,누리금속,P-001,산업용 센서,23,45000
2312,2026-09-01 09:57:00,550-43-26429,누리금속,P-009,공압 실린더,9,78000
2313,2026-09-02 17:01:00,181-78-68910,한빛정밀,P-008,DIN 레일 전원공급장치,17,65000
2313,2026-09-02 17:01:00,181-78-68910,한빛정밀,P-004,케이블 하네스,74,15000
2313,2026-09-02 17:01:00,181-78-68910,한빛정밀,P-003,M12 커넥터,88,8500
2314,2026-09-02 12:18:00,505-30-18292,우리엔지니어링,P-003,M12 커넥터,36,8500
2314,2026-09-02 12:18:00,505-30-18292,우리엔지니어링,P-001,산업용 센서,18,45000
2315,2026-09-02 15:08:00,181-78-68910,한빛정밀,P-003,M12 커넥터,102,8500
2316,2026-09-02 14:45:00,550-43-26429,누리금속,P-001,산업용 센서,20,45000
2317,2026-09-03 15:50:00,419-49-90380,동서기계,P-011,산업용 릴레이,45,12000
2317,2026-09-03 15:50:00,419-49-90380,동서기계,P-003,M12 커넥터,50,8500
2318,2026-09-03 15:46:00,520-58-23885,온누리전기,P-003,M12 커넥터,83,8500
2318,2026-09-03 15:46:00,520-58-23885,온누리전기,P-001,산업용 센서,29,45000
2319,2026-09-03 10:29:00,249-77-73046,푸른산업,P-012,방열 팬 24V,62,9500
2319,2026-09-03 10:29:00,249-77-73046,푸른산업,P-008,DIN 레일 전원공급장치,23,65000
2320,2026-09-04 10:20:00,495-17-72762,대성기계,P-002,근접 스위치,6,28000
2320,2026-09-04 10:20:00,495-17-72762,대성기계,P-008,DIN 레일 전원공급장치,7,65000
2320,2026-09-04 10:20:00,495-17-72762,대성기계,P-007,모터 드라이버,2,210000
2321,2026-09-04 16:41:00,520-58-23885,온누리전기,P-010,베어링 6204,98,6500
2321,2026-09-04 16:41:00,520-58-23885,온누리전기,P-012,방열 팬 24V,46,9500
2321,2026-09-04 16:41:00,520-58-23885,온누리전기,P-001,산업용 센서,22,45000
2322,2026-09-04 17:48:00,929-76-42997,청솔설비,P-006,서보 모터,2,520000
2322,2026-09-04 17:48:00,929-76-42997,청솔설비,P-003,M12 커넥터,33,8500
2322,2026-09-04 17:48:00,929-76-42997,청솔설비,P-012,방열 팬 24V,25,9500
2323,2026-09-04 10:05:00,249-77-73046,푸른산업,P-003,M12 커넥터,141,8500
2324,2026-09-04 10:16:00,181-78-68910,한빛정밀,P-010,베어링 6204,112,6500
2325,2026-09-04 10:02:00,495-17-72762,대성기계,P-011,산업용 릴레이,23,12000
2326,2026-09-05 16:36:00,520-58-23885,온누리전기,P-002,근접 스위치,29,28000
2326,2026-09-05 16:36:00,520-58-23885,온누리전기,P-010,베어링 6204,87,6500
2327,2026-09-07 12:30:00,181-78-68910,한빛정밀,P-002,근접 스위치,31,28000
2328,2026-09-07 12:30:00,249-77-73046,푸른산업,P-002,근접 스위치,48,28000
2328,2026-09-07 12:30:00,249-77-73046,푸른산업,P-011,산업용 릴레이,99,12000
2328,2026-09-07 12:30:00,249-77-73046,푸른산업,P-001,산업용 센서,42,45000
2328,2026-09-07 12:30:00,249-77-73046,푸른산업,P-004,케이블 하네스,71,15000
2329,2026-09-07 15:36:00,520-58-23885,온누리전기,P-006,서보 모터,1,520000
2329,2026-09-07 15:36:00,520-58-23885,온누리전기,P-010,베어링 6204,105,6500
2329,2026-09-07 15:36:00,520-58-23885,온누리전기,P-001,산업용 센서,19,45000
2329,2026-09-07 15:36:00,520-58-23885,온누리전기,P-002,근접 스위치,20,28000
2330,2026-09-07 16:53:00,969-90-43341,은하시스템,P-011,산업용 릴레이,64,12000
2331,2026-09-07 16:22:00,249-77-73046,푸른산업,P-001,산업용 센서,36,45000
2331,2026-09-07 16:22:00,249-77-73046,푸른산업,P-002,근접 스위치,62,28000
2332,2026-09-07 16:28:00,929-76-42997,청솔설비,P-001,산업용 센서,13,45000
2333,2026-09-07 11:16:00,550-43-26429,누리금속,P-011,산업용 릴레이,53,12000
2333,2026-09-07 11:16:00,550-43-26429,누리금속,P-010,베어링 6204,70,6500
2333,2026-09-07 11:16:00,550-43-26429,누리금속,P-004,케이블 하네스,40,15000
2334,2026-09-07 10:15:00,181-78-68910,한빛정밀,P-004,케이블 하네스,87,15000
2334,2026-09-07 10:15:00,181-78-68910,한빛정밀,P-010,베어링 6204,123,6500
2335,2026-09-07 17:11:00,181-78-68910,한빛정밀,P-002,근접 스위치,40,28000
2336,2026-09-07 14:56:00,505-30-18292,우리엔지니어링,P-001,산업용 센서,18,45000
2337,2026-09-08 15:11:00,419-49-90380,동서기계,P-002,근접 스위치,20,28000
2338,2026-09-08 16:40:00,249-77-73046,푸른산업,P-001,산업용 센서,41,45000
2338,2026-09-08 16:40:00,249-77-73046,푸른산업,P-011,산업용 릴레이,99,12000
2338,2026-09-08 16:40:00,249-77-73046,푸른산업,P-010,베어링 6204,151,6500
2339,2026-09-08 12:15:00,520-58-23885,온누리전기,P-003,M12 커넥터,90,8500
2339,2026-09-08 12:15:00,520-58-23885,온누리전기,P-002,근접 스위치,36,28000
2340,2026-09-08 12:32:00,599-86-84485,가온반도체,P-009,공압 실린더,11,78000
2341,2026-09-08 15:10:00,599-86-84485,가온반도체,P-003,M12 커넥터,58,8500
2341,2026-09-08 15:10:00,599-86-84485,가온반도체,P-010,베어링 6204,66,6500
2342,2026-09-08 15:22:00,969-90-43341,은하시스템,P-010,베어링 6204,120,6500
2343,2026-09-08 12:31:00,815-26-51664,라온메카닉스,P-001,산업용 센서,8,45000
2344,2026-09-08 11:22:00,933-45-84047,해든로보틱스,P-001,산업용 센서,23,45000
2345,2026-09-08 16:27:00,573-96-76216,미래오토메이션,P-003,M12 커넥터,50,8500
2345,2026-09-08 16:27:00,573-96-76216,미래오토메이션,P-002,근접 스위치,19,28000
2345,2026-09-08 16:27:00,573-96-76216,미래오토메이션,P-010,베어링 6204,63,6500
2345,2026-09-08 16:27:00,573-96-76216,미래오토메이션,P-001,산업용 센서,16,45000
2345,2026-09-08 16:27:00,573-96-76216,미래오토메이션,P-004,케이블 하네스,32,15000
2346,2026-09-08 11:23:00,505-30-18292,우리엔지니어링,P-004,케이블 하네스,22,15000
2346,2026-09-08 11:23:00,505-30-18292,우리엔지니어링,P-006,서보 모터,1,520000
2346,2026-09-08 11:23:00,505-30-18292,우리엔지니어링,P-003,M12 커넥터,35,8500
2347,2026-09-08 09:40:00,783-27-42751,다온테크,P-004,케이블 하네스,50,15000
2347,2026-09-08 09:40:00,783-27-42751,다온테크,P-012,방열 팬 24V,36,9500
2347,2026-09-08 09:40:00,783-27-42751,다온테크,P-010,베어링 6204,96,6500
2348,2026-09-09 15:28:00,181-78-68910,한빛정밀,P-003,M12 커넥터,97,8500
2348,2026-09-09 15:28:00,181-78-68910,한빛정밀,P-001,산업용 센서,24,45000
2349,2026-09-09 15:58:00,181-78-68910,한빛정밀,P-004,케이블 하네스,63,15000
2349,2026-09-09 15:58:00,181-78-68910,한빛정밀,P-012,방열 팬 24V,45,9500
2350,2026-09-10 09:59:00,249-77-73046,푸른산업,P-002,근접 스위치,53,28000
2350,2026-09-10 09:59:00,249-77-73046,푸른산업,P-001,산업용 센서,36,45000
2351,2026-09-10 17:31:00,550-43-26429,누리금속,P-003,M12 커넥터,57,8500
2351,2026-09-10 17:31:00,550-43-26429,누리금속,P-008,DIN 레일 전원공급장치,8,65000
2351,2026-09-10 17:31:00,550-43-26429,누리금속,P-009,공압 실린더,9,78000
2351,2026-09-10 17:31:00,550-43-26429,누리금속,P-005,PLC 모듈,3,380000
2352,2026-09-10 12:42:00,505-30-18292,우리엔지니어링,P-010,베어링 6204,40,6500
2352,2026-09-10 12:42:00,505-30-18292,우리엔지니어링,P-003,M12 커넥터,49,8500
2352,2026-09-10 12:42:00,505-30-18292,우리엔지니어링,P-001,산업용 센서,10,45000
2352,2026-09-10 12:42:00,505-30-18292,우리엔지니어링,P-009,공압 실린더,2,78000
2353,2026-09-11 10:57:00,181-78-68910,한빛정밀,P-008,DIN 레일 전원공급장치,13,65000
2353,2026-09-11 10:57:00,181-78-68910,한빛정밀,P-004,케이블 하네스,65,15000
2353,2026-09-11 10:57:00,181-78-68910,한빛정밀,P-012,방열 팬 24V,44,9500
2354,2026-09-11 16:45:00,783-27-42751,다온테크,P-011,산업용 릴레이,60,12000
2354,2026-09-11 16:45:00,783-27-42751,다온테크,P-008,DIN 레일 전원공급장치,15,65000
2354,2026-09-11 16:45:00,783-27-42751,다온테크,P-001,산업용 센서,23,45000
2354,2026-09-11 16:45:00,783-27-42751,다온테크,P-012,방열 팬 24V,32,9500
2354,2026-09-11 16:45:00,783-27-42751,다온테크,P-010,베어링 6204,88,6500
2355,2026-09-11 17:19:00,419-49-90380,동서기계,P-012,방열 팬 24V,19,9500
2355,2026-09-11 17:19:00,419-49-90380,동서기계,P-004,케이블 하네스,36,15000
2356,2026-09-11 13:22:00,783-27-42751,다온테크,P-004,케이블 하네스,40,15000
2356,2026-09-11 13:22:00,783-27-42751,다온테크,P-012,방열 팬 24V,40,9500
2356,2026-09-11 13:22:00,783-27-42751,다온테크,P-002,근접 스위치,32,28000
2357,2026-09-11 14:40:00,249-77-73046,푸른산업,P-001,산업용 센서,50,45000
2358,2026-09-11 17:43:00,495-17-72762,대성기계,P-001,산업용 센서,13,45000
2358,2026-09-11 17:43:00,495-17-72762,대성기계,P-010,베어링 6204,22,6500
2358,2026-09-11 17:43:00,495-17-72762,대성기계,P-003,M12 커넥터,17,8500
2359,2026-09-11 17:06:00,969-90-43341,은하시스템,P-003,M12 커넥터,85,8500
2359,2026-09-11 17:06:00,969-90-43341,은하시스템,P-010,베어링 6204,132,6500
2360,2026-09-11 14:03:00,815-26-51664,라온메카닉스,P-002,근접 스위치,12,28000
2360,2026-09-11 14:03:00,815-26-51664,라온메카닉스,P-009,공압 실린더,9,78000
2360,2026-09-11 14:03:00,815-26-51664,라온메카닉스,P-011,산업용 릴레이,26,12000
2361,2026-09-12 10:46:00,505-30-18292,우리엔지니어링,P-001,산업용 센서,14,45000
2362,2026-09-13 17:42:00,550-43-26429,누리금속,P-009,공압 실린더,8,78000
2362,2026-09-13 17:42:00,550-43-26429,누리금속,P-007,모터 드라이버,1,210000
2363,2026-09-13 09:55:00,520-58-23885,온누리전기,P-001,산업용 센서,22,45000
2364,2026-09-14 11:18:00,249-77-73046,푸른산업,P-005,PLC 모듈,7,380000
2365,2026-09-14 10:04:00,933-45-84047,해든로보틱스,P-003,M12 커넥터,70,8500
2365,2026-09-14 10:04:00,933-45-84047,해든로보틱스,P-009,공압 실린더,14,78000
2366,2026-09-14 14:11:00,249-77-73046,푸른산업,P-004,케이블 하네스,93,15000
2366,2026-09-14 14:11:00,249-77-73046,푸른산업,P-001,산업용 센서,44,45000
2366,2026-09-14 14:11:00,249-77-73046,푸른산업,P-010,베어링 6204,171,6500
2367,2026-09-15 14:35:00,599-86-84485,가온반도체,P-006,서보 모터,3,520000
2367,2026-09-15 14:35:00,599-86-84485,가온반도체,P-003,M12 커넥터,46,8500
2368,2026-09-15 10:25:00,520-58-23885,온누리전기,P-001,산업용 센서,30,45000
2368,2026-09-15 10:25:00,520-58-23885,온누리전기,P-012,방열 팬 24V,51,9500
2368,2026-09-15 10:25:00,520-58-23885,온누리전기,P-006,서보 모터,4,520000
2369,2026-09-15 16:22:00,815-26-51664,라온메카닉스,P-002,근접 스위치,13,28000
2369,2026-09-15 16:22:00,815-26-51664,라온메카닉스,P-011,산업용 릴레이,30,12000
2369,2026-09-15 16:22:00,815-26-51664,라온메카닉스,P-001,산업용 센서,12,45000
2370,2026-09-15 09:04:00,419-49-90380,동서기계,P-003,M12 커넥터,44,8500
2370,2026-09-15 09:04:00,419-49-90380,동서기계,P-001,산업용 센서,19,45000
2371,2026-09-16 15:12:00,495-17-72762,대성기계,P-011,산업용 릴레이,19,12000
2372,2026-09-16 13:09:00,969-90-43341,은하시스템,P-003,M12 커넥터,77,8500
2372,2026-09-16 13:09:00,969-90-43341,은하시스템,P-010,베어링 6204,135,6500
2372,2026-09-16 13:09:00,969-90-43341,은하시스템,P-011,산업용 릴레이,77,12000
2373,2026-09-16 14:19:00,969-90-43341,은하시스템,P-011,산업용 릴레이,69,12000
2374,2026-09-16 17:51:00,933-45-84047,해든로보틱스,P-010,베어링 6204,105,6500
2374,2026-09-16 17:51:00,933-45-84047,해든로보틱스,P-004,케이블 하네스,59,15000
2374,2026-09-16 17:51:00,933-45-84047,해든로보틱스,P-003,M12 커넥터,85,8500
2375,2026-09-16 11:43:00,419-49-90380,동서기계,P-003,M12 커넥터,54,8500
2375,2026-09-16 11:43:00,419-49-90380,동서기계,P-005,PLC 모듈,4,380000
2376,2026-09-16 09:49:00,249-77-73046,푸른산업,P-010,베어링 6204,136,6500
2377,2026-09-16 10:15:00,550-43-26429,누리금속,P-012,방열 팬 24V,32,9500
2377,2026-09-16 10:15:00,550-43-26429,누리금속,P-004,케이블 하네스,45,15000
2378,2026-09-16 16:48:00,784-55-21530,새봄전자,P-011,산업용 릴레이,27,12000
2378,2026-09-16 16:48:00,784-55-21530,새봄전자,P-010,베어링 6204,52,6500
2378,2026-09-16 16:48:00,784-55-21530,새봄전자,P-001,산업용 센서,11,45000
2379,2026-09-16 10:27:00,969-90-43341,은하시스템,P-005,PLC 모듈,6,380000
2379,2026-09-16 10:27:00,969-90-43341,은하시스템,P-002,근접 스위치,49,28000
2380,2026-09-16 11:15:00,783-27-42751,다온테크,P-003,M12 커넥터,63,8500
2381,2026-09-17 17:40:00,181-78-68910,한빛정밀,P-008,DIN 레일 전원공급장치,15,65000
2381,2026-09-17 17:40:00,181-78-68910,한빛정밀,P-005,PLC 모듈,2,380000
2382,2026-09-17 11:14:00,249-77-73046,푸른산업,P-004,케이블 하네스,76,15000
2382,2026-09-17 11:14:00,249-77-73046,푸른산업,P-003,M12 커넥터,130,8500
2382,2026-09-17 11:14:00,249-77-73046,푸른산업,P-001,산업용 센서,39,45000
2382,2026-09-17 11:14:00,249-77-73046,푸른산업,P-010,베어링 6204,184,6500
2383,2026-09-17 11:46:00,181-78-68910,한빛정밀,P-003,M12 커넥터,84,8500
2384,2026-09-18 16:06:00,505-30-18292,우리엔지니어링,P-001,산업용 센서,11,45000
2384,2026-09-18 16:06:00,505-30-18292,우리엔지니어링,P-003,M12 커넥터,39,8500
2385,2026-09-18 10:42:00,181-78-68910,한빛정밀,P-010,베어링 6204,125,6500
2385,2026-09-18 10:42:00,181-78-68910,한빛정밀,P-001,산업용 센서,35,45000
2386,2026-09-18 16:11:00,933-45-84047,해든로보틱스,P-010,베어링 6204,102,6500
2386,2026-09-18 16:11:00,933-45-84047,해든로보틱스,P-011,산업용 릴레이,63,12000
2386,2026-09-18 16:11:00,933-45-84047,해든로보틱스,P-009,공압 실린더,12,78000
2387,2026-09-18 13:09:00,520-58-23885,온누리전기,P-002,근접 스위치,35,28000
2387,2026-09-18 13:09:00,520-58-23885,온누리전기,P-009,공압 실린더,8,78000
2387,2026-09-18 13:09:00,520-58-23885,온누리전기,P-010,베어링 6204,105,6500
2388,2026-09-20 09:05:00,181-78-68910,한빛정밀,P-001,산업용 센서,36,45000
2389,2026-09-21 12:22:00,550-43-26429,누리금속,P-004,케이블 하네스,39,15000
2389,2026-09-21 12:22:00,550-43-26429,누리금속,P-003,M12 커넥터,46,8500
2390,2026-09-21 10:02:00,505-30-18292,우리엔지니어링,P-002,근접 스위치,14,28000
2390,2026-09-21 10:02:00,505-30-18292,우리엔지니어링,P-010,베어링 6204,37,6500
2390,2026-09-21 10:02:00,505-30-18292,우리엔지니어링,P-004,케이블 하네스,22,15000
2390,2026-09-21 10:02:00,505-30-18292,우리엔지니어링,P-011,산업용 릴레이,19,12000
2391,2026-09-21 10:55:00,599-86-84485,가온반도체,P-012,방열 팬 24V,25,9500
2391,2026-09-21 10:55:00,599-86-84485,가온반도체,P-002,근접 스위치,29,28000
2392,2026-09-22 13:31:00,573-96-76216,미래오토메이션,P-005,PLC 모듈,7,380000
2392,2026-09-22 13:31:00,573-96-76216,미래오토메이션,P-011,산업용 릴레이,158,12000
2392,2026-09-22 13:31:00,573-96-76216,미래오토메이션,P-004,케이블 하네스,118,15000
2393,2026-09-22 16:10:00,969-90-43341,은하시스템,P-011,산업용 릴레이,76,12000
2393,2026-09-22 16:10:00,969-90-43341,은하시스템,P-001,산업용 센서,28,45000
2394,2026-09-22 11:10:00,520-58-23885,온누리전기,P-002,근접 스위치,33,28000
2394,2026-09-22 11:10:00,520-58-23885,온누리전기,P-003,M12 커넥터,76,8500
2395,2026-09-22 17:50:00,181-78-68910,한빛정밀,P-010,베어링 6204,142,6500
2395,2026-09-22 17:50:00,181-78-68910,한빛정밀,P-002,근접 스위치,33,28000
2395,2026-09-22 17:50:00,181-78-68910,한빛정밀,P-011,산업용 릴레이,79,12000
2395,2026-09-22 17:50:00,181-78-68910,한빛정밀,P-005,PLC 모듈,2,380000
2395,2026-09-22 17:50:00,181-78-68910,한빛정밀,P-009,공압 실린더,17,78000
2395,2026-09-22 17:50:00,181-78-68910,한빛정밀,P-003,M12 커넥터,78,8500
2396,2026-09-22 15:09:00,520-58-23885,온누리전기,P-011,산업용 릴레이,64,12000
2396,2026-09-22 15:09:00,520-58-23885,온누리전기,P-003,M12 커넥터,84,8500
2396,2026-09-22 15:09:00,520-58-23885,온누리전기,P-004,케이블 하네스,48,15000
2397,2026-09-22 10:15:00,573-96-76216,미래오토메이션,P-008,DIN 레일 전원공급장치,8,65000
2397,2026-09-22 10:15:00,573-96-76216,미래오토메이션,P-002,근접 스위치,15,28000
2397,2026-09-22 10:15:00,573-96-76216,미래오토메이션,P-003,M12 커넥터,44,8500
2398,2026-09-23 17:55:00,181-78-68910,한빛정밀,P-004,케이블 하네스,61,15000
2398,2026-09-23 17:55:00,181-78-68910,한빛정밀,P-012,방열 팬 24V,47,9500
2398,2026-09-23 17:55:00,181-78-68910,한빛정밀,P-010,베어링 6204,132,6500
2399,2026-09-23 09:21:00,815-26-51664,라온메카닉스,P-010,베어링 6204,36,6500
2399,2026-09-23 09:21:00,815-26-51664,라온메카닉스,P-003,M12 커넥터,50,8500
2400,2026-09-23 17:24:00,929-76-42997,청솔설비,P-002,근접 스위치,23,28000
2401,2026-09-23 15:10:00,550-43-26429,누리금속,P-008,DIN 레일 전원공급장치,6,65000
2401,2026-09-23 15:10:00,550-43-26429,누리금속,P-001,산업용 센서,24,45000
2402,2026-09-24 10:55:00,929-76-42997,청솔설비,P-001,산업용 센서,8,45000
2402,2026-09-24 10:55:00,929-76-42997,청솔설비,P-010,베어링 6204,51,6500
2402,2026-09-24 10:55:00,929-76-42997,청솔설비,P-003,M12 커넥터,35,8500
2402,2026-09-24 10:55:00,929-76-42997,청솔설비,P-011,산업용 릴레이,26,12000
2403,2026-09-24 17:27:00,550-43-26429,누리금속,P-007,모터 드라이버,4,210000
2404,2026-09-24 15:50:00,969-90-43341,은하시스템,P-002,근접 스위치,39,28000
2404,2026-09-24 15:50:00,969-90-43341,은하시스템,P-007,모터 드라이버,5,210000
2405,2026-09-25 14:32:00,520-58-23885,온누리전기,P-011,산업용 릴레이,67,12000
2405,2026-09-25 14:32:00,520-58-23885,온누리전기,P-012,방열 팬 24V,45,9500
2406,2026-09-25 13:06:00,815-26-51664,라온메카닉스,P-008,DIN 레일 전원공급장치,4,65000
2407,2026-09-25 14:21:00,783-27-42751,다온테크,P-001,산업용 센서,35,45000
2407,2026-09-25 14:21:00,783-27-42751,다온테크,P-002,근접 스위치,29,28000
2408,2026-09-25 09:31:00,783-27-42751,다온테크,P-001,산업용 센서,18,45000
2408,2026-09-25 09:31:00,783-27-42751,다온테크,P-008,DIN 레일 전원공급장치,13,65000
2409,2026-09-25 10:58:00,495-17-72762,대성기계,P-008,DIN 레일 전원공급장치,5,65000
2409,2026-09-25 10:58:00,495-17-72762,대성기계,P-007,모터 드라이버,1,210000
2410,2026-09-25 16:10:00,520-58-23885,온누리전기,P-004,케이블 하네스,50,15000
2410,2026-09-25 16:10:00,520-58-23885,온누리전기,P-010,베어링 6204,97,6500
2411,2026-09-25 13:37:00,929-76-42997,청솔설비,P-003,M12 커넥터,42,8500
2411,2026-09-25 13:37:00,929-76-42997,청솔설비,P-001,산업용 센서,16,45000
2412,2026-09-25 09:31:00,969-90-43341,은하시스템,P-011,산업용 릴레이,79,12000
2412,2026-09-25 09:31:00,969-90-43341,은하시스템,P-003,M12 커넥터,102,8500
2413,2026-09-26 14:19:00,249-77-73046,푸른산업,P-004,케이블 하네스,85,15000
2414,2026-09-28 10:57:00,249-77-73046,푸른산업,P-001,산업용 센서,46,45000
2415,2026-09-28 16:15:00,573-96-76216,미래오토메이션,P-010,베어링 6204,65,6500
2416,2026-09-28 11:00:00,249-77-73046,푸른산업,P-004,케이블 하네스,81,15000
2416,2026-09-28 11:00:00,249-77-73046,푸른산업,P-011,산업용 릴레이,111,12000
2417,2026-09-28 11:58:00,929-76-42997,청솔설비,P-002,근접 스위치,17,28000
2418,2026-09-28 10:36:00,599-86-84485,가온반도체,P-002,근접 스위치,23,28000
2418,2026-09-28 10:36:00,599-86-84485,가온반도체,P-006,서보 모터,1,520000
2418,2026-09-28 10:36:00,599-86-84485,가온반도체,P-010,베어링 6204,71,6500
2418,2026-09-28 10:36:00,599-86-84485,가온반도체,P-004,케이블 하네스,44,15000
2419,2026-09-29 16:08:00,520-58-23885,온누리전기,P-004,케이블 하네스,44,15000
2419,2026-09-29 16:08:00,520-58-23885,온누리전기,P-010,베어링 6204,99,6500
2419,2026-09-29 16:08:00,520-58-23885,온누리전기,P-011,산업용 릴레이,70,12000
2419,2026-09-29 16:08:00,520-58-23885,온누리전기,P-007,모터 드라이버,3,210000
2420,2026-09-29 17:42:00,784-55-21530,새봄전자,P-010,베어링 6204,45,6500
2420,2026-09-29 17:42:00,784-55-21530,새봄전자,P-004,케이블 하네스,36,15000
2420,2026-09-29 17:42:00,784-55-21530,새봄전자,P-002,근접 스위치,23,28000
2420,2026-09-29 17:42:00,784-55-21530,새봄전자,P-003,M12 커넥터,33,8500
2420,2026-09-29 17:42:00,784-55-21530,새봄전자,P-008,DIN 레일 전원공급장치,5,65000
2421,2026-09-29 16:37:00,181-78-68910,한빛정밀,P-001,산업용 센서,31,45000
2421,2026-09-29 16:37:00,181-78-68910,한빛정밀,P-010,베어링 6204,126,6500
2421,2026-09-29 16:37:00,181-78-68910,한빛정밀,P-004,케이블 하네스,78,15000
2422,2026-09-29 09:53:00,181-78-68910,한빛정밀,P-004,케이블 하네스,47,15000
2422,2026-09-29 09:53:00,181-78-68910,한빛정밀,P-010,베어링 6204,119,6500
2422,2026-09-29 09:53:00,181-78-68910,한빛정밀,P-003,M12 커넥터,87,8500
2422,2026-09-29 09:53:00,181-78-68910,한빛정밀,P-012,방열 팬 24V,43,9500
2423,2026-09-29 17:53:00,599-86-84485,가온반도체,P-001,산업용 센서,22,45000
2424,2026-09-29 10:33:00,599-86-84485,가온반도체,P-002,근접 스위치,23,28000
2424,2026-09-29 10:33:00,599-86-84485,가온반도체,P-004,케이블 하네스,31,15000
2424,2026-09-29 10:33:00,599-86-84485,가온반도체,P-010,베어링 6204,81,6500
2424,2026-09-29 10:33:00,599-86-84485,가온반도체,P-012,방열 팬 24V,25,9500
2425,2026-09-30 13:20:00,249-77-73046,푸른산업,P-001,산업용 센서,41,45000
2425,2026-09-30 13:20:00,249-77-73046,푸른산업,P-010,베어링 6204,150,6500
2426,2026-09-30 13:35:00,815-26-51664,라온메카닉스,P-005,PLC 모듈,1,380000
2427,2026-09-30 10:34:00,181-78-68910,한빛정밀,P-010,베어링 6204,128,6500
2428,2026-09-30 10:47:00,249-77-73046,푸른산업,P-012,방열 팬 24V,67,9500
2428,2026-09-30 10:47:00,249-77-73046,푸른산업,P-010,베어링 6204,151,6500
2428,2026-09-30 10:47:00,249-77-73046,푸른산업,P-003,M12 커넥터,139,8500
2429,2026-09-30 12:21:00,599-86-84485,가온반도체,P-010,베어링 6204,66,6500
2430,2026-10-01 10:19:00,520-58-23885,온누리전기,P-002,근접 스위치,36,28000
2430,2026-10-01 10:19:00,520-58-23885,온누리전기,P-011,산업용 릴레이,69,12000
2430,2026-10-01 10:19:00,520-58-23885,온누리전기,P-009,공압 실린더,12,78000
2431,2026-10-01 13:58:00,784-55-21530,새봄전자,P-011,산업용 릴레이,34,12000
2431,2026-10-01 13:58:00,784-55-21530,새봄전자,P-001,산업용 센서,15,45000
2431,2026-10-01 13:58:00,784-55-21530,새봄전자,P-010,베어링 6204,40,6500
2432,2026-10-01 12:02:00,550-43-26429,누리금속,P-004,케이블 하네스,168,15000
2432,2026-10-01 12:02:00,550-43-26429,누리금속,P-008,DIN 레일 전원공급장치,40,65000
2433,2026-10-01 17:07:00,181-78-68910,한빛정밀,P-002,근접 스위치,34,28000
2433,2026-10-01 17:07:00,181-78-68910,한빛정밀,P-012,방열 팬 24V,58,9500
2434,2026-10-01 10:47:00,933-45-84047,해든로보틱스,P-004,케이블 하네스,49,15000
2435,2026-10-01 09:55:00,550-43-26429,누리금속,P-010,베어링 6204,70,6500
2436,2026-10-01 15:35:00,249-77-73046,푸른산업,P-004,케이블 하네스,78,15000
2436,2026-10-01 15:35:00,249-77-73046,푸른산업,P-002,근접 스위치,44,28000
2437,2026-10-01 13:43:00,784-55-21530,새봄전자,P-005,PLC 모듈,1,380000
2438,2026-10-01 17:23:00,550-43-26429,누리금속,P-001,산업용 센서,22,45000
2438,2026-10-01 17:23:00,550-43-26429,누리금속,P-006,서보 모터,1,520000
2439,2026-10-02 15:14:00,573-96-76216,미래오토메이션,P-001,산업용 센서,16,45000
2440,2026-10-02 15:30:00,520-58-23885,온누리전기,P-001,산업용 센서,19,45000
2441,2026-10-02 17:04:00,181-78-68910,한빛정밀,P-009,공압 실린더,45,78000
2442,2026-10-02 09:43:00,599-86-84485,가온반도체,P-003,M12 커넥터,59,8500
2442,2026-10-02 09:43:00,599-86-84485,가온반도체,P-001,산업용 센서,28,45000
2443,2026-10-03 13:03:00,419-49-90380,동서기계,P-002,근접 스위치,11,28000
2444,2026-10-04 13:56:00,181-78-68910,한빛정밀,P-003,M12 커넥터,104,8500
2444,2026-10-04 13:56:00,181-78-68910,한빛정밀,P-010,베어링 6204,120,6500
2444,2026-10-04 13:56:00,181-78-68910,한빛정밀,P-005,PLC 모듈,6,380000
2444,2026-10-04 13:56:00,181-78-68910,한빛정밀,P-011,산업용 릴레이,61,12000
2445,2026-10-05 09:55:00,783-27-42751,다온테크,P-003,M12 커넥터,72,8500
2445,2026-10-05 09:55:00,783-27-42751,다온테크,P-001,산업용 센서,31,45000
2446,2026-10-05 16:43:00,599-86-84485,가온반도체,P-009,공압 실린더,12,78000
2447,2026-10-05 10:10:00,784-55-21530,새봄전자,P-010,베어링 6204,49,6500
2447,2026-10-05 10:10:00,784-55-21530,새봄전자,P-006,서보 모터,2,520000
2447,2026-10-05 10:10:00,784-55-21530,새봄전자,P-002,근접 스위치,18,28000
2447,2026-10-05 10:10:00,784-55-21530,새봄전자,P-012,방열 팬 24V,17,9500
2447,2026-10-05 10:10:00,784-55-21530,새봄전자,P-001,산업용 센서,13,45000
2448,2026-10-05 09:26:00,969-90-43341,은하시스템,P-011,산업용 릴레이,56,12000
2448,2026-10-05 09:26:00,969-90-43341,은하시스템,P-001,산업용 센서,30,45000
2448,2026-10-05 09:26:00,969-90-43341,은하시스템,P-004,케이블 하네스,69,15000
2449,2026-10-05 13:13:00,573-96-76216,미래오토메이션,P-001,산업용 센서,11,45000
2450,2026-10-05 12:06:00,249-77-73046,푸른산업,P-011,산업용 릴레이,408,12000
2450,2026-10-05 12:06:00,249-77-73046,푸른산업,P-002,근접 스위치,219,28000
2450,2026-10-05 12:06:00,249-77-73046,푸른산업,P-010,베어링 6204,634,6500
2451,2026-10-05 11:38:00,550-43-26429,누리금속,P-002,근접 스위치,28,28000
2452,2026-10-05 11:19:00,573-96-76216,미래오토메이션,P-003,M12 커넥터,63,8500
2452,2026-10-05 11:19:00,573-96-76216,미래오토메이션,P-008,DIN 레일 전원공급장치,3,65000
2453,2026-10-05 14:26:00,573-96-76216,미래오토메이션,P-007,모터 드라이버,2,210000
2454,2026-10-06 16:22:00,784-55-21530,새봄전자,P-001,산업용 센서,57,45000
2455,2026-10-06 15:19:00,181-78-68910,한빛정밀,P-004,케이블 하네스,54,15000
2455,2026-10-06 15:19:00,181-78-68910,한빛정밀,P-001,산업용 센서,25,45000
2455,2026-10-06 15:19:00,181-78-68910,한빛정밀,P-010,베어링 6204,108,6500
2455,2026-10-06 15:19:00,181-78-68910,한빛정밀,P-003,M12 커넥터,100,8500
2456,2026-10-06 10:03:00,933-45-84047,해든로보틱스,P-008,DIN 레일 전원공급장치,10,65000
2457,2026-10-06 11:52:00,181-78-68910,한빛정밀,P-011,산업용 릴레이,81,12000
2457,2026-10-06 11:52:00,181-78-68910,한빛정밀,P-008,DIN 레일 전원공급장치,16,65000
2457,2026-10-06 11:52:00,181-78-68910,한빛정밀,P-006,서보 모터,2,520000
2458,2026-10-06 15:40:00,520-58-23885,온누리전기,P-001,산업용 센서,35,45000
2459,2026-10-07 10:07:00,249-77-73046,푸른산업,P-002,근접 스위치,58,28000
2459,2026-10-07 10:07:00,249-77-73046,푸른산업,P-004,케이블 하네스,95,15000
2459,2026-10-07 10:07:00,249-77-73046,푸른산업,P-003,M12 커넥터,126,8500
2459,2026-10-07 10:07:00,249-77-73046,푸른산업,P-001,산업용 센서,39,45000
2459,2026-10-07 10:07:00,249-77-73046,푸른산업,P-008,DIN 레일 전원공급장치,10,65000
2459,2026-10-07 10:07:00,249-77-73046,푸른산업,P-012,방열 팬 24V,71,9500
2460,2026-10-07 09:51:00,784-55-21530,새봄전자,P-004,케이블 하네스,19,15000
2460,2026-10-07 09:51:00,784-55-21530,새봄전자,P-010,베어링 6204,54,6500
2461,2026-10-07 10:19:00,520-58-23885,온누리전기,P-012,방열 팬 24V,50,9500
2461,2026-10-07 10:19:00,520-58-23885,온누리전기,P-008,DIN 레일 전원공급장치,16,65000
